-- --------------------------------------------------------
-- 主机:                           172.16.16.125
-- 服务器版本:                        5.7.27-log - MySQL Community Server (GPL)
-- 服务器操作系统:                      Win64
-- HeidiSQL 版本:                  11.0.0.5919
-- --------------------------------------------------------

/*!40101 SET @OLD_CHARACTER_SET_CLIENT=@@CHARACTER_SET_CLIENT */;
/*!40101 SET NAMES utf8 */;
/*!50503 SET NAMES utf8mb4 */;
/*!40014 SET @OLD_FOREIGN_KEY_CHECKS=@@FOREIGN_KEY_CHECKS, FOREIGN_KEY_CHECKS=0 */;
/*!40101 SET @OLD_SQL_MODE=@@SQL_MODE, SQL_MODE='NO_AUTO_VALUE_ON_ZERO' */;

-- 导出  表 styx_monitor.config_alarm 结构
CREATE TABLE IF NOT EXISTS `config_alarm` (
  `id` int(11) NOT NULL AUTO_INCREMENT COMMENT '变量管理表主键',
  `name` varchar(50) CHARACTER SET utf8mb4 NOT NULL COMMENT '报警类型',
  `express` varchar(255) CHARACTER SET utf8mb4 NOT NULL COMMENT '报警逻辑',
  `variable_list` varchar(255) CHARACTER SET utf8mb4 NOT NULL COMMENT '变量集合',
  `enabled` bit(1) NOT NULL DEFAULT b'1' COMMENT '是否可用',
  `create_time` datetime DEFAULT NULL COMMENT '创建时间',
  `create_by` varchar(32) CHARACTER SET utf8mb4 DEFAULT NULL COMMENT '创建人',
  `update_time` datetime DEFAULT NULL COMMENT '更新时间',
  `update_by` varchar(32) CHARACTER SET utf8mb4 DEFAULT NULL COMMENT '更新人',
  `deleted` bit(1) DEFAULT b'0' COMMENT '是否删除',
  PRIMARY KEY (`id`)
) ENGINE=InnoDB DEFAULT CHARSET=utf8;

-- 正在导出表  styx_monitor.config_alarm 的数据：~17 rows (大约)
/*!40000 ALTER TABLE `config_alarm` DISABLE KEYS */;
INSERT INTO `config_alarm` (`id`, `name`, `express`, `variable_list`, `enabled`, `create_time`, `create_by`, `update_time`, `update_by`, `deleted`) VALUES
	(1, '排放状态PH数值异常预警', '(value30<0)||(value30>14)', '30', b'1', '2021-03-04 09:34:55', 'admin', '2021-03-04 09:34:55', 'admin', b'0'),
	(2, '排放状态PH值偏高预警', '(value30>9)&&(value30<=14)&&(value68==1)', '30,68', b'1', '2021-03-04 09:34:55', 'admin', '2021-03-04 09:34:55', 'admin', b'0'),
	(6, '排放状态PH值偏低预警', '(value30>=0)&&(value30<6)&&(value68==1)', '30,68', b'1', '2021-03-04 09:34:55', 'admin', '2021-03-04 09:34:55', 'admin', b'0'),
	(9, '取样泵故障报警', 'value48==1', '48', b'1', '2021-03-04 09:34:55', 'admin', '2021-03-04 09:34:55', 'admin', b'0'),
	(11, '药箱低液位预警', 'value54==0', '54', b'1', '2021-03-04 09:34:55', 'admin', '2021-03-04 09:34:55', 'admin', b'0'),
	(12, '调节池液位低', 'value53==0', '53', b'1', '2021-03-04 09:34:55', 'admin', '2021-03-04 09:34:55', 'admin', b'0'),
	(17, '雨水收集池高液位报警', 'value83==1', '83', b'1', '2021-03-04 09:34:55', 'admin', '2021-03-04 09:34:55', 'admin', b'0'),
	(18, '药箱超低液位报警', 'value55==0', '55', b'1', '2021-03-04 09:34:55', 'admin', '2021-03-04 09:34:55', 'admin', b'0'),
	(19, '回流泵故障报警', 'value49==1', '49', b'1', '2021-03-04 09:34:55', 'admin', '2021-03-04 09:34:55', 'admin', b'0'),
	(20, '排放状态总氯值偏低预警', '(value31<2)&&(value68==1)', '31,68', b'1', '2021-03-04 09:34:55', 'admin', '2021-03-04 09:34:55', 'admin', b'0'),
	(21, '除氯泵故障报警', 'value50==1', '50', b'1', '2021-03-04 09:34:55', 'admin', '2021-03-04 09:34:55', 'admin', b'0'),
	(23, '脱氯药箱超低液位预警', 'value90==0', '90', b'1', '2021-03-04 09:34:55', 'admin', '2021-03-04 09:34:55', 'admin', b'0'),
	(24, '应急状态启动', 'value93==1', '93', b'1', '2021-03-04 09:34:55', 'admin', '2021-03-04 09:34:55', 'admin', b'0'),
	(25, '提升泵进水流量异常预警', 'value94==1', '94', b'1', '2021-03-04 09:34:55', 'admin', '2021-03-04 09:34:55', 'admin', b'0'),
	(26, '提升泵A故障报警', 'value45==1', '45', b'1', '2021-03-04 09:34:55', 'admin', '2021-03-04 09:34:55', 'admin', b'0'),
	(27, '提升泵B故障报警', 'value46==1', '46', b'1', '2021-03-04 09:34:55', 'admin', '2021-03-04 09:34:55', 'admin', b'0'),
	(28, '膜池出水压力异常预警', 'value96==1', '96', b'1', '2021-03-04 09:34:55', 'admin', '2021-03-04 09:34:55', 'admin', b'0');
/*!40000 ALTER TABLE `config_alarm` ENABLE KEYS */;

-- 导出  表 styx_monitor.config_node 结构
CREATE TABLE IF NOT EXISTS `config_node` (
  `code` varchar(32) NOT NULL,
  `name` varchar(32) NOT NULL COMMENT '节点名称',
  `is_default` bit(1) NOT NULL DEFAULT b'0' COMMENT '是否默认，不可删除',
  PRIMARY KEY (`code`)
) ENGINE=InnoDB DEFAULT CHARSET=utf8mb4 ROW_FORMAT=DYNAMIC;

-- 正在导出表  styx_monitor.config_node 的数据：~1 rows (大约)
/*!40000 ALTER TABLE `config_node` DISABLE KEYS */;
INSERT INTO `config_node` (`code`, `name`, `is_default`) VALUES
	('default', '默认节点', b'1');
/*!40000 ALTER TABLE `config_node` ENABLE KEYS */;

-- 导出  表 styx_monitor.config_station 结构
CREATE TABLE IF NOT EXISTS `config_station` (
  `id` int(11) NOT NULL AUTO_INCREMENT COMMENT '站点管理表主键',
  `name` varchar(50) CHARACTER SET utf8mb4 NOT NULL COMMENT '站点名称',
  `pinyin_name` varchar(50) CHARACTER SET utf8mb4 DEFAULT NULL COMMENT '站点名称拼音首字母',
  `address` varchar(100) CHARACTER SET utf8mb4 DEFAULT NULL COMMENT '站点地址',
  `province_code` int(11) DEFAULT NULL COMMENT '省编码，冗余字段',
  `city_code` int(11) DEFAULT NULL COMMENT '市编码，冗余字段',
  `district_code` int(11) DEFAULT NULL COMMENT '县区编码',
  `server_node` varchar(32) CHARACTER SET utf8mb4 DEFAULT NULL COMMENT '节点服务器所属',
  `enabled` bit(2) DEFAULT b'1' COMMENT '使用状态',
  `order_no` int(11) DEFAULT '0' COMMENT '排序号',
  `create_time` datetime NOT NULL COMMENT '创建时间',
  `create_by` varchar(32) CHARACTER SET utf8mb4 NOT NULL COMMENT '创建人',
  `update_time` datetime DEFAULT NULL COMMENT '更新时间',
  `update_by` varchar(32) CHARACTER SET utf8mb4 DEFAULT NULL COMMENT '更新人',
  `deleted` bit(1) DEFAULT b'0' COMMENT '是否删除',
  PRIMARY KEY (`id`)
) ENGINE=InnoDB DEFAULT CHARSET=utf8;

-- 正在导出表  styx_monitor.config_station 的数据：~80 rows (大约)
/*!40000 ALTER TABLE `config_station` DISABLE KEYS */;
INSERT INTO `config_station` (`id`, `name`, `pinyin_name`, `address`, `province_code`, `city_code`, `district_code`, `server_node`, `enabled`, `order_no`, `create_time`, `create_by`, `update_time`, `update_by`, `deleted`) VALUES
	(1, '昆山市中医院', NULL, '江苏省苏州市昆山市朝阳西路197号', 320000, 320500, 320583, 'default', b'01', 0, '2021-03-04 09:34:55', 'admin', '2021-03-04 09:34:55', 'admin', b'0'),
	(2, '昆山市第一人民医院', NULL, '江苏省苏州市昆山市医院弄', 320000, 320500, 320583, 'default', b'01', 0, '2021-03-04 09:34:55', 'admin', '2021-03-04 09:34:55', 'admin', b'0'),
	(3, '昆山市第一人民医院友谊院区', NULL, '江苏省苏州市昆山市震川东路1030-13号', 320000, 320500, 320583, 'default', b'01', 0, '2021-03-04 09:34:55', 'admin', '2021-03-04 09:34:55', 'admin', b'0'),
	(4, '昆山市康复医院', NULL, '江苏省苏州市昆山市迎宾东路888号', 320000, 320500, 320583, 'default', b'01', 0, '2021-03-04 09:34:55', 'admin', '2021-03-04 09:34:55', 'admin', b'0'),
	(5, '昆山市第二人民医院', NULL, '江苏省苏州市昆山市中山路142号', 320000, 320500, 320583, 'default', b'01', 0, '2021-03-04 09:34:55', 'admin', '2021-03-04 09:34:55', 'admin', b'0'),
	(6, '昆山市第四人民医院', NULL, '江苏省苏州市昆山市教堂路', 320000, 320500, 320583, 'default', b'01', 0, '2021-03-04 09:34:55', 'admin', '2021-03-04 09:34:55', 'admin', b'0'),
	(7, '昆山市千灯人民医院', NULL, '江苏省苏州市昆山市少卿东路32号', 320000, 320500, 320583, 'default', b'01', 0, '2021-03-04 09:34:55', 'admin', '2021-03-04 09:34:55', 'admin', b'0'),
	(8, '昆山市中西医结合医院', NULL, '江苏省苏州市昆山市绿地大道555号', 320000, 320500, 320583, 'default', b'01', 0, '2021-03-04 09:34:55', 'admin', '2021-03-04 09:34:55', 'admin', b'0'),
	(9, '昆山市周庄人民医院', NULL, '江苏省苏州市昆山市全功路104号', 320000, 320500, 320583, 'default', b'01', 0, '2021-03-04 09:34:55', 'admin', '2021-03-04 09:34:55', 'admin', b'0'),
	(10, '昆山市淀山湖人民医院', NULL, '江苏省苏州市昆山市淀兴路810', 320000, 320500, 320583, 'default', b'01', 0, '2021-03-04 09:34:55', 'admin', '2021-03-04 09:34:55', 'admin', b'0'),
	(28, '昆山市亭林社区卫生服务中心', NULL, '江苏省苏州市昆山市县后街1', 320000, 320500, 320583, 'default', b'01', 0, '2021-03-04 09:34:55', 'admin', '2021-03-04 09:34:55', 'admin', b'0'),
	(29, '苏州慈铭体检中心', NULL, '江苏省苏州市苏州工业园区东长路', 320000, 320500, 320571, 'default', b'01', 0, '2021-03-04 09:34:55', 'admin', '2021-03-04 09:34:55', 'admin', b'0'),
	(36, '内蒙古自治区人民医院阿尔山分院', NULL, '内蒙古自治区兴安盟阿尔山市', 150000, 152200, 152202, 'default', b'01', 0, '2021-03-04 09:34:55', 'admin', '2021-03-04 09:34:55', 'admin', b'0'),
	(37, '江阴市第五人民医院', NULL, '江苏省无锡市江阴市镇北路1号', 320000, 320200, 320281, 'default', b'01', 0, '2021-03-04 09:34:55', 'admin', '2021-03-04 09:34:55', 'admin', b'0'),
	(40, '昆山市张浦镇社区卫生服务中心', NULL, '江苏省苏州市昆山市京东路', 320000, 320500, 320583, 'default', b'01', 0, '2021-03-04 09:34:55', 'admin', '2021-03-04 09:34:55', 'admin', b'0'),
	(41, '昆山市柏庐社区卫生服务中心', NULL, '江苏省苏州市昆山市新浦路360号', 320000, 320500, 320583, 'default', b'01', 0, '2021-03-04 09:34:55', 'admin', '2021-03-04 09:34:55', 'admin', b'0'),
	(42, '昆山市蓬朗社区卫生服务中心', NULL, '江苏省苏州市昆山市新星中路', 320000, 320500, 320583, 'default', b'01', 0, '2021-03-04 09:34:55', 'admin', '2021-03-04 09:34:55', 'admin', b'0'),
	(43, '昆山市周市镇陆杨社区卫生服务中心', NULL, '江苏省苏州市昆山市新阳西路22号', 320000, 320500, 320583, 'default', b'01', 0, '2021-03-04 09:34:55', 'admin', '2021-03-04 09:34:55', 'admin', b'0'),
	(44, '响水县中医院', NULL, '江苏省盐城市响水县银河路', 320000, 320900, 320921, 'default', b'01', 0, '2021-03-04 09:34:55', 'admin', '2021-03-04 09:34:55', 'admin', b'0'),
	(45, '响水县小尖中心卫生院', NULL, '江苏省盐城市响水县二零四国道边', 320000, 320900, 320921, 'default', b'01', 0, '2021-03-04 09:34:55', 'admin', '2021-03-04 09:34:55', 'admin', b'0'),
	(48, '响水县大有镇卫生院', NULL, '江苏省盐城市响水县X304', 320000, 320900, 320921, 'default', b'01', 0, '2021-03-04 09:34:55', 'admin', '2021-03-04 09:34:55', 'admin', b'0'),
	(49, '响水县六套中心卫生院', NULL, '江苏省盐城市响水县X304', 320000, 320900, 320921, 'default', b'01', 0, '2021-03-04 09:34:55', 'admin', '2021-03-04 09:34:55', 'admin', b'0'),
	(51, '昆山市巴城镇正仪社区卫生服务中心', NULL, '江苏省苏州市昆山市信义路8号', 320000, 320500, 320583, 'default', b'01', 0, '2021-03-04 09:34:55', 'admin', '2021-03-04 09:34:55', 'admin', b'0'),
	(52, '昆山市巴城镇石牌社区卫生服务中心', NULL, '江苏省苏州市昆山市中华路1509号', 320000, 320500, 320583, 'default', b'01', 0, '2021-03-04 09:34:55', 'admin', '2021-03-04 09:34:55', 'admin', b'0'),
	(54, '昆山新清华医院', NULL, '江苏省苏州市昆山市栈泾东路8号', 320000, 320500, 320583, 'default', b'01', 0, '2021-03-04 09:34:55', 'admin', '2021-03-04 09:34:55', 'admin', b'0'),
	(56, '昆山市千灯镇石浦社区卫生服务中心', NULL, '江苏省苏州市昆山市兴浦街', 320000, 320500, 320583, 'default', b'01', 0, '2021-03-04 09:34:55', 'admin', '2021-03-04 09:34:55', 'admin', b'0'),
	(63, '昆山市陆家镇邵村社区卫生服务中心', NULL, '江苏省苏州市昆山市友谊路331号', 320000, 320500, 320583, 'default', b'01', 0, '2021-03-04 09:34:55', 'admin', '2021-03-04 09:34:55', 'admin', b'0'),
	(64, '上海市虹口区牙病防治所', NULL, '上海市虹口区欧阳路571号', 310000, 310100, 310109, 'default', b'01', 0, '2021-03-04 09:34:55', 'admin', '2021-03-04 09:34:55', 'admin', b'0'),
	(65, '昆山市青阳社区卫生服务中心', NULL, '江苏省苏州市昆山市黑龙江中路186号', 320000, 320500, 320583, 'default', b'01', 0, '2021-03-04 09:34:55', 'admin', '2021-03-04 09:34:55', 'admin', b'0'),
	(66, '响水县老舍卫生院', NULL, '江苏省盐城市响水县育才路', 320000, 320900, 320921, 'default', b'01', 0, '2021-03-04 09:34:55', 'admin', '2021-03-04 09:34:55', 'admin', b'0'),
	(67, '昆山美奥口腔', NULL, '江苏省苏州市昆山市前进西路2号', 320000, 320500, 320583, 'default', b'01', 0, '2021-03-04 09:34:55', 'admin', '2021-03-04 09:34:55', 'admin', b'0'),
	(68, '昆山协恩门诊部', NULL, '江苏省苏州市昆山市同丰东路188号', 320000, 320500, 320583, 'default', b'01', 0, '2021-03-04 09:34:55', 'admin', '2021-03-04 09:34:55', 'admin', b'0'),
	(71, '响水县响水镇卫生院', NULL, '江苏省盐城市响水县黄海路27号', 320000, 320900, 320921, 'default', b'01', 0, '2021-03-04 09:34:55', 'admin', '2021-03-04 09:34:55', 'admin', b'0'),
	(74, '江阴市第三人民医院', NULL, '江苏省无锡市江阴市五星路', 320000, 320200, 320281, 'default', b'00', 0, '2021-03-04 09:34:55', 'admin', '2021-03-04 09:34:55', 'admin', b'0'),
	(75, '响水县黄圩镇卫生院', NULL, '江苏省盐城市响水县X206', 320000, 320900, 320921, 'default', b'01', 0, '2021-03-04 09:34:55', 'admin', '2021-03-04 09:34:55', 'admin', b'0'),
	(76, '南通市肿瘤医院', NULL, '江苏省南通市通州区', 320000, 320600, 320612, 'default', b'01', 0, '2021-03-04 09:34:55', 'admin', '2021-03-04 09:34:55', 'admin', b'0'),
	(86, '昆山市张浦镇南港社区卫生服务中心', NULL, '江苏省苏州市昆山市震阳中路', 320000, 320500, 320583, 'default', b'01', 0, '2021-03-04 09:34:55', 'admin', '2021-03-04 09:34:55', 'admin', b'0'),
	(88, '昆山市张浦镇大市社区卫生服务中心', NULL, '淞沪西路昆山市大市街道办附近', 320000, 320500, 320583, 'default', b'01', 0, '2021-03-04 09:34:55', 'admin', '2021-03-04 09:34:55', 'admin', b'0'),
	(89, '上海新生皮肤科门诊部', NULL, '上海市上海市静安区武定路331号-2楼', 310000, 310100, 310106, 'default', b'01', 0, '2021-03-04 09:34:55', 'admin', '2021-03-04 09:34:55', 'admin', b'0'),
	(90, '响水县双港镇卫生院', NULL, '江苏省盐城市响水县双港镇301县道南(纱厂)', 320000, 320900, 320921, 'default', b'01', 0, '2021-03-04 09:34:55', 'admin', '2021-03-04 09:34:55', 'admin', b'0'),
	(91, '响水县张集卫生院', NULL, '江苏省盐城市响水县', 320000, 320900, 320921, 'default', b'01', 0, '2021-03-04 09:34:55', 'admin', '2021-03-04 09:34:55', 'admin', b'0'),
	(92, '响水县港城医院', NULL, '江苏省盐城市响水县S326', 320000, 320900, 320921, 'default', b'01', 0, '2021-03-04 09:34:55', 'admin', '2021-03-04 09:34:55', 'admin', b'0'),
	(93, '响水县第三人民医院', NULL, '灌河中路94号', 320000, 320900, 320921, 'default', b'01', 0, '2021-03-04 09:34:55', 'admin', '2021-03-04 09:34:55', 'admin', b'0'),
	(94, '昆山福春堂中医门诊部', NULL, '江苏省昆山市新浦路412号(萧林路与横泾路交叉口)', 320000, 320500, 320583, 'default', b'01', 0, '2021-03-04 09:34:55', 'admin', '2021-03-04 09:34:55', 'admin', b'0'),
	(95, '响水县七套卫生院', NULL, '江苏省盐城市响水县大有镇七套乡七套街', 320000, 320900, 320921, 'default', b'01', 0, '2021-03-04 09:34:55', 'admin', '2021-03-04 09:34:55', 'admin', b'0'),
	(96, '响水县南河中心卫生院', NULL, '盐城市响水县', 320000, 320900, 320921, 'default', b'01', 0, '2021-03-04 09:34:55', 'admin', '2021-03-04 09:34:55', 'admin', b'0'),
	(97, '响水县运河镇卫生院', NULL, '运河镇运河街2号', 320000, 320900, 320921, 'default', b'01', 0, '2021-03-04 09:34:55', 'admin', '2021-03-04 09:34:55', 'admin', b'0'),
	(98, '昆山市花桥镇社区卫生服务中心', NULL, '苏州市昆山市曹新路278号', 320000, 320500, 320583, 'default', b'01', 0, '2021-03-04 09:34:55', 'admin', '2021-03-04 09:34:55', 'admin', b'0'),
	(99, '苏州市吴江区同里镇卫生院', NULL, '苏州市吴江区迎燕东路355号', 320000, 320500, 320509, 'default', b'01', 0, '2021-03-04 09:34:55', 'admin', '2021-03-04 09:34:55', 'admin', b'0'),
	(100, '盱眙县中医院', NULL, '淮安市盱眙县五墩西路28号', 320000, 320800, 320830, 'default', b'01', 0, '2021-03-04 09:34:55', 'admin', '2021-03-04 09:34:55', 'admin', b'0'),
	(101, '盐城市第二人民医院', NULL, '盐城市亭湖区开放大道135号', 320000, 320900, 320902, 'default', b'01', 0, '2021-03-04 09:34:55', 'admin', '2021-03-04 09:34:55', 'admin', b'0'),
	(102, '苏州工业园区疾病防治中心', NULL, '苏虹西路200号', 320000, 320500, 320571, 'default', b'01', 0, '2021-03-04 09:34:55', 'admin', '2021-03-04 09:34:55', 'admin', b'0'),
	(103, '响水县小尖中心卫生院周集分院', NULL, '响水县小尖镇周集街', 320000, 320900, 320921, 'default', b'01', 0, '2021-03-04 09:34:55', 'admin', '2021-03-04 09:34:55', 'admin', b'0'),
	(104, '响水县陈家港镇卫生院海安集分院', NULL, '江苏省盐城市响水县', 320000, 320900, 320921, 'default', b'01', 0, '2021-03-04 09:34:55', 'admin', '2021-03-04 09:34:55', 'admin', b'0'),
	(105, '昆山市江浦社区卫生服务中心', NULL, '江苏省苏州市昆山市玉山镇万步路500号', 320000, 320500, 320583, 'default', b'01', 0, '2021-03-04 09:34:55', 'admin', '2021-03-04 09:34:55', 'admin', b'0'),
	(107, '苏州市立医院', NULL, '苏州市姑苏区道前街26号', 320000, 320500, 320508, 'default', b'01', 0, '2021-03-04 09:34:55', 'admin', '2021-03-04 09:34:55', 'admin', b'0'),
	(108, '响水嘉明医院', NULL, '陈家港镇人民路182号', 320000, 320900, 320921, 'default', b'01', 0, '2021-03-04 09:34:55', 'admin', '2021-03-04 09:34:55', 'admin', b'0'),
	(109, '昆山市南星渎社区卫生服务中心', NULL, '江苏省苏州市昆山市美丰路', 320000, 320500, 320583, 'default', b'01', 0, '2021-03-04 09:34:55', 'admin', '2021-03-04 09:34:55', 'admin', b'0'),
	(110, '江阴市中医肝胆医院', NULL, '江苏省无锡市江阴市花园路39号', 320000, 320200, 320281, 'default', b'01', 0, '2021-03-04 09:34:55', 'admin', '2021-03-04 09:34:55', 'admin', b'0'),
	(111, '昆山市第二人民医院(口腔门诊)', NULL, '苏州市昆山市中山路142号', 320000, 320500, 320583, 'default', b'01', 0, '2021-03-04 09:34:55', 'admin', '2021-03-04 09:34:55', 'admin', b'0'),
	(112, '昆山市第六人民医院', NULL, '苏州市昆山市张浦镇茶风街2号', 320000, 320500, 320583, 'default', b'01', 0, '2021-03-04 09:34:55', 'admin', '2021-03-04 09:34:55', 'admin', b'0'),
	(113, '苏州市吴江区青云中心卫生院', NULL, '苏州市吴江区青云路883号', 320000, 320500, 320509, 'default', b'01', 0, '2021-03-04 09:34:55', 'admin', '2021-03-04 09:34:55', 'admin', b'0'),
	(115, '昆山同济口腔医院', NULL, '江苏省苏州市昆山市北门路937号', 320000, 320500, 320583, 'default', b'00', 0, '2021-03-04 09:34:55', 'admin', '2021-03-04 09:34:55', 'admin', b'0'),
	(116, '苏州美奥口腔门诊部', NULL, '江苏省苏州市苏州工业园区', 320000, 320500, 320571, 'default', b'00', 0, '2021-03-04 09:34:55', 'admin', '2021-03-04 09:34:55', 'admin', b'0'),
	(117, '吴江区芦墟中心卫生院莘塔分院', NULL, '苏州市吴江区莘塔大街666号', 320000, 320500, 320509, 'default', b'01', 0, '2021-03-04 09:34:55', 'admin', '2021-03-04 09:34:55', 'admin', b'0'),
	(119, '昆山开发区中华园社区卫生服务中心', NULL, '江苏省苏州市昆山市衡山路88号', 320000, 320500, 320583, 'default', b'01', 0, '2021-03-04 09:34:55', 'admin', '2021-03-04 09:34:55', 'admin', b'0'),
	(122, '昆山市震川社区卫生服务中心', NULL, '苏州市昆山市雁荡山路与天目山路交叉路口东侧(枫景园垃圾中转站北侧)', 320000, 320500, 320583, 'default', b'01', 0, '2021-03-04 09:34:55', 'admin', '2021-03-04 09:34:55', 'admin', b'0'),
	(123, '江阴市城东社区卫生服务中心', NULL, '江苏省无锡市江阴市石牌路25号', 320000, 320200, 320281, 'default', b'01', 0, '2021-03-04 09:34:55', 'admin', '2021-03-04 09:34:55', 'admin', b'0'),
	(125, '昆山市精神卫生中心', NULL, '苏州市昆山市巴城镇祖冲之路2139号', 320000, 320500, 320583, 'default', b'01', 0, '2021-03-04 09:34:55', 'admin', '2021-03-04 09:34:55', 'admin', b'0'),
	(129, '昆山陆家镇合丰社区卫生服务中心', NULL, '苏州市昆山市金阳西路与春阳路交叉路口往西北约50米(宜家花园西北侧约100米)', 320000, 320500, 320583, 'default', b'01', 0, '2021-03-04 09:34:55', 'admin', '2021-03-04 09:34:55', 'admin', b'0'),
	(131, '昆山市第一人民医院广仁院区', NULL, '尉州路昆山市周市镇司法所附近', 320000, 320500, 320583, 'default', b'01', 0, '2021-03-04 09:34:55', 'admin', '2021-03-04 09:34:55', 'admin', b'0'),
	(132, '常熟市第二人民医院', NULL, '苏州市常熟市虞山镇海虞南路68号', 320000, 320500, 320581, 'default', b'01', 0, '2021-03-04 09:34:55', 'admin', '2021-03-04 09:34:55', 'admin', b'0'),
	(133, '常熟市中医院', NULL, '苏州市常熟市虞山镇黄河路6号', 320000, 320500, 320581, 'default', b'01', 0, '2021-03-04 09:34:55', 'admin', '2021-03-04 09:34:55', 'admin', b'0'),
	(134, '太仓市沙溪镇人民医院', NULL, '江苏省苏州市太仓市中荷南环线沙溪镇', 320000, 320500, 320585, 'default', b'01', 0, '2021-03-04 09:34:55', 'admin', '2021-03-04 09:34:55', 'admin', b'0'),
	(135, '苏州市第九人民医院', NULL, '吴江区新城镇松陵大道与芦荡路交界处', 320000, 320500, 320509, 'default', b'01', 0, '2021-03-04 09:34:55', 'admin', '2021-03-04 09:34:55', 'admin', b'0'),
	(138, '灌云县精神病防治院', NULL, '江苏省连云港市灌云县三黄路', 320000, 320700, 320723, 'default', b'01', 0, '2021-03-04 09:34:55', 'admin', '2021-03-04 09:34:55', 'admin', b'0'),
	(139, '张家港鹿苑医院', NULL, '苏州市张家港市金桥路6幢', 320000, 320500, 320582, 'default', b'01', 0, '2021-03-04 09:34:55', 'admin', '2021-03-04 09:34:55', 'admin', b'0'),
	(140, '吴江永鼎护理院', NULL, '江苏省苏州市吴江区高新路1518号', 320000, 320500, 320509, 'default', b'01', 0, '2021-03-04 09:34:55', 'admin', '2021-03-04 09:34:55', 'admin', b'0'),
	(145, '昆山同济口腔医院北门路店', NULL, '江苏省苏州市昆山市北门路937号', 320000, 320500, 320583, 'default', b'01', 0, '2021-03-04 09:34:55', 'admin', '2021-03-04 09:34:55', 'admin', b'0'),
	(147, '苏州永鼎医院', NULL, '苏州市吴江区人民路1388号', 320000, 320500, 320509, 'default', b'01', 0, '2021-03-04 09:34:55', 'admin', '2021-03-04 09:34:55', 'admin', b'0');
/*!40000 ALTER TABLE `config_station` ENABLE KEYS */;

-- 导出  表 styx_monitor.config_terminal 结构
CREATE TABLE IF NOT EXISTS `config_terminal` (
  `id` int(11) NOT NULL AUTO_INCREMENT,
  `station_id` int(11) NOT NULL COMMENT '站点id',
  `name` varchar(50) CHARACTER SET utf8mb4 NOT NULL COMMENT '终端名称',
  `uid` varchar(32) CHARACTER SET utf8mb4 NOT NULL COMMENT '终端UID',
  `type` tinyint(4) DEFAULT NULL COMMENT '终端类型',
  `variable_ids` varchar(500) CHARACTER SET utf8mb4 DEFAULT NULL COMMENT '终端绑定的参数ids',
  `alarm_ids` varchar(500) CHARACTER SET utf8mb4 DEFAULT NULL COMMENT '报警参数ids',
  `enabled` bit(2) DEFAULT b'1' COMMENT '使用状态',
  `create_time` datetime NOT NULL COMMENT '创建时间',
  `create_by` varchar(32) CHARACTER SET utf8mb4 NOT NULL COMMENT '创建人',
  `update_time` datetime DEFAULT NULL COMMENT '更新时间',
  `update_by` varchar(32) CHARACTER SET utf8mb4 DEFAULT NULL COMMENT '更新人',
  `deleted` bit(1) DEFAULT b'0' COMMENT '是否删除',
  PRIMARY KEY (`id`),
  UNIQUE KEY `UNIQUE_UID` (`uid`) USING BTREE
) ENGINE=InnoDB DEFAULT CHARSET=utf8;

-- 正在导出表  styx_monitor.config_terminal 的数据：~80 rows (大约)
/*!40000 ALTER TABLE `config_terminal` DISABLE KEYS */;
INSERT INTO `config_terminal` (`id`, `station_id`, `name`, `uid`, `type`, `variable_ids`, `alarm_ids`, `enabled`, `create_time`, `create_by`, `update_time`, `update_by`, `deleted`) VALUES
	(22, 2, '分体机消毒设备', '000000000000000000010022', 0, '30,31,32,33,34,35,36,91,92,99,100,101,87,88,39,42,43,44,45,46,47,48,49,50,51,52,53,54,55,57,58,59,68,71,72,73,74,83,61,62,89,90,63,64,60,94,95,96,65,66,93', '1,2,6,9,11,12,17,18,19,20,21,23,24,25,26,27,28', b'01', '2021-03-04 09:34:55', 'admin', '2021-03-04 09:34:55', 'admin', b'0'),
	(24, 4, '分体机消毒设备', '000000000000000000010024', 0, '30,31,32,33,34,35,36,91,92,99,100,101,87,88,39,42,43,44,45,46,47,48,49,50,51,52,53,54,55,57,58,59,68,71,72,73,74,83,61,62,89,90,63,64,60,94,95,96,65,66,93', '1,2,6,9,11,12,17,18,19,20,21,23,24,25,26,27,28', b'01', '2021-03-04 09:34:55', 'admin', '2021-03-04 09:34:55', 'admin', b'0'),
	(27, 29, '分体机消毒设备', '000000000000000000010027', 1, '30,31,32,33,34,35,36,91,92,99,100,101,87,88,39,42,43,44,45,46,47,48,49,50,51,52,53,54,55,57,58,59,68,71,72,73,74,83,61,62,89,90,63,64,60,94,95,96,65,66,93', '1,2,6,9,11,12,17,18,19,20,21,23,24,25,26,27,28', b'01', '2021-03-04 09:34:55', 'admin', '2021-03-04 09:34:55', 'admin', b'0'),
	(28, 28, '分体机消毒设备', '000000000000000000010028', 0, '30,31,32,33,34,35,36,91,92,99,100,101,87,88,39,42,43,44,45,46,47,48,49,50,51,52,53,54,55,57,58,59,68,71,72,73,74,83,61,62,89,90,63,64,60,94,95,96,65,66,93', '1,2,6,9,11,12,17,18,19,20,21,23,24,25,26,27,28', b'01', '2021-03-04 09:34:55', 'admin', '2021-03-04 09:34:55', 'admin', b'0'),
	(29, 3, '分体机消毒设备', '000000000000000000010029', 0, '30,31,32,33,34,35,36,91,92,99,100,101,87,88,39,42,43,44,45,46,47,48,49,50,51,52,53,54,55,57,58,59,68,71,72,73,74,83,61,62,89,90,63,64,60,94,95,96,65,66,93', '1,2,6,9,11,12,17,18,19,20,21,23,24,25,26,27,28', b'01', '2021-03-04 09:34:55', 'admin', '2021-03-04 09:34:55', 'admin', b'0'),
	(31, 9, '分体机消毒设备', '000000000000000000010031', 0, '30,31,32,33,34,35,36,91,92,99,100,101,87,88,39,42,43,44,45,46,47,48,49,50,51,52,53,54,55,57,58,59,68,71,72,73,74,83,61,62,89,90,63,64,60,94,95,96,65,66,93', '1,2,6,9,11,12,17,18,19,20,21,23,24,25,26,27,28', b'01', '2021-03-04 09:34:55', 'admin', '2021-03-04 09:34:55', 'admin', b'0'),
	(35, 36, '分体机消毒设备', '000000000000000000010035', 0, '30,31,32,33,34,35,36,91,92,99,100,101,87,88,39,42,43,44,45,46,47,48,49,50,51,52,53,54,55,57,58,59,68,71,72,73,74,83,61,62,89,90,63,64,60,94,95,96,65,66,93', '1,2,6,9,11,12,17,18,19,20,21,23,24,25,26,27,28', b'01', '2021-03-04 09:34:55', 'admin', '2021-03-04 09:34:55', 'admin', b'0'),
	(36, 37, '分体机消毒设备', '000000000000000000010036', 0, '30,31,32,33,34,35,36,91,92,99,100,101,87,88,39,42,43,44,45,46,47,48,49,50,51,52,53,54,55,57,58,59,68,71,72,73,74,83,61,62,89,90,63,64,60,94,95,96,65,66,93', '1,2,6,9,11,12,17,18,19,20,21,23,24,25,26,27,28', b'01', '2021-03-04 09:34:55', 'admin', '2021-03-04 09:34:55', 'admin', b'0'),
	(38, 1, '分体机消毒设备', '000000000000000000010038', 0, '30,31,32,33,34,35,36,91,92,99,100,101,87,88,39,42,43,44,45,46,47,48,49,50,51,52,53,54,55,57,58,59,68,71,72,73,74,83,61,62,89,90,63,64,60,94,95,96,65,66,93', '1,2,6,9,11,12,17,18,19,20,21,23,24,25,26,27,28', b'01', '2021-03-04 09:34:55', 'admin', '2021-03-04 09:34:55', 'admin', b'0'),
	(39, 40, '分体机消毒设备', '000000000000000000010039', 0, '30,31,32,33,34,35,36,91,92,99,100,101,87,88,39,42,43,44,45,46,47,48,49,50,51,52,53,54,55,57,58,59,68,71,72,73,74,83,61,62,89,90,63,64,60,94,95,96,65,66,93', '1,2,6,9,11,12,17,18,19,20,21,23,24,25,26,27,28', b'01', '2021-03-04 09:34:55', 'admin', '2021-03-04 09:34:55', 'admin', b'0'),
	(40, 41, '分体机消毒设备', '000000000000000000010040', 0, '30,31,32,33,34,35,36,91,92,99,100,101,87,88,39,42,43,44,45,46,47,48,49,50,51,52,53,54,55,57,58,59,68,71,72,73,74,83,61,62,89,90,63,64,60,94,95,96,65,66,93', '1,2,6,9,11,12,17,18,19,20,21,23,24,25,26,27,28', b'01', '2021-03-04 09:34:55', 'admin', '2021-03-04 09:34:55', 'admin', b'0'),
	(41, 42, '分体机消毒设备', '000000000000000000010041', 0, '30,31,32,33,34,35,36,91,92,99,100,101,87,88,39,42,43,44,45,46,47,48,49,50,51,52,53,54,55,57,58,59,68,71,72,73,74,83,61,62,89,90,63,64,60,94,95,96,65,66,93', '1,2,6,9,11,12,17,18,19,20,21,23,24,25,26,27,28', b'01', '2021-03-04 09:34:55', 'admin', '2021-03-04 09:34:55', 'admin', b'0'),
	(42, 43, '分体机消毒设备', '000000000000000000010042', 0, '30,31,32,33,34,35,36,91,92,99,100,101,87,88,39,42,43,44,45,46,47,48,49,50,51,52,53,54,55,57,58,59,68,71,72,73,74,83,61,62,89,90,63,64,60,94,95,96,65,66,93', '1,2,6,9,11,12,17,18,19,20,21,23,24,25,26,27,28', b'01', '2021-03-04 09:34:55', 'admin', '2021-03-04 09:34:55', 'admin', b'0'),
	(43, 44, '分体机消毒设备', '000000000000000000010043', 0, '30,31,32,33,34,35,36,91,92,99,100,101,87,88,39,42,43,44,45,46,47,48,49,50,51,52,53,54,55,57,58,59,68,71,72,73,74,83,61,62,89,90,63,64,60,94,95,96,65,66,93', '1,2,6,9,11,12,17,18,19,20,21,23,24,25,26,27,28', b'01', '2021-03-04 09:34:55', 'admin', '2021-03-04 09:34:55', 'admin', b'0'),
	(44, 45, '分体机消毒设备', '000000000000000000010044', 0, '30,31,32,33,34,35,36,91,92,99,100,101,87,88,39,42,43,44,45,46,47,48,49,50,51,52,53,54,55,57,58,59,68,71,72,73,74,83,61,62,89,90,63,64,60,94,95,96,65,66,93', '1,2,6,9,11,12,17,18,19,20,21,23,24,25,26,27,28', b'01', '2021-03-04 09:34:55', 'admin', '2021-03-04 09:34:55', 'admin', b'0'),
	(48, 49, '分体机消毒设备', '000000000000000000010048', 0, '30,31,32,33,34,35,36,91,92,99,100,101,87,88,39,42,43,44,45,46,47,48,49,50,51,52,53,54,55,57,58,59,68,71,72,73,74,83,61,62,89,90,63,64,60,94,95,96,65,66,93', '1,2,6,9,11,12,17,18,19,20,21,23,24,25,26,27,28', b'01', '2021-03-04 09:34:55', 'admin', '2021-03-04 09:34:55', 'admin', b'0'),
	(49, 48, '分体机消毒设备', '000000000000000000010049', 0, '30,31,32,33,34,35,36,91,92,99,100,101,87,88,39,42,43,44,45,46,47,48,49,50,51,52,53,54,55,57,58,59,68,71,72,73,74,83,61,62,89,90,63,64,60,94,95,96,65,66,93', '1,2,6,9,11,12,17,18,19,20,21,23,24,25,26,27,28', b'01', '2021-03-04 09:34:55', 'admin', '2021-03-04 09:34:55', 'admin', b'0'),
	(51, 51, '分体机消毒设备', '000000000000000000010051', 0, '30,31,32,33,34,35,36,91,92,99,100,101,87,88,39,42,43,44,45,46,47,48,49,50,51,52,53,54,55,57,58,59,68,71,72,73,74,83,61,62,89,90,63,64,60,94,95,96,65,66,93', '1,2,6,9,11,12,17,18,19,20,21,23,24,25,26,27,28', b'01', '2021-03-04 09:34:55', 'admin', '2021-03-04 09:34:55', 'admin', b'0'),
	(52, 52, '分体机消毒设备', '000000000000000000010052', 0, '30,31,32,33,34,35,36,91,92,99,100,101,87,88,39,42,43,44,45,46,47,48,49,50,51,52,53,54,55,57,58,59,68,71,72,73,74,83,61,62,89,90,63,64,60,94,95,96,65,66,93', '1,2,6,9,11,12,17,18,19,20,21,23,24,25,26,27,28', b'01', '2021-03-04 09:34:55', 'admin', '2021-03-04 09:34:55', 'admin', b'0'),
	(53, 5, '分体机消毒设备', '000000000000000000010053', 0, '30,31,32,33,34,35,36,91,92,99,100,101,87,88,39,42,43,44,45,46,47,48,49,50,51,52,53,54,55,57,58,59,68,71,72,73,74,83,61,62,89,90,63,64,60,94,95,96,65,66,93', '1,2,6,9,11,12,17,18,19,20,21,23,24,25,26,27,28', b'01', '2021-03-04 09:34:55', 'admin', '2021-03-04 09:34:55', 'admin', b'0'),
	(54, 54, '分体机消毒设备', '000000000000000000010054', 0, '30,31,32,33,34,35,36,91,92,99,100,101,87,88,39,42,43,44,45,46,47,48,49,50,51,52,53,54,55,57,58,59,68,71,72,73,74,83,61,62,89,90,63,64,60,94,95,96,65,66,93', '1,2,6,9,11,12,17,18,19,20,21,23,24,25,26,27,28', b'01', '2021-03-04 09:34:55', 'admin', '2021-03-04 09:34:55', 'admin', b'0'),
	(55, 10, '分体机消毒设备', '000000000000000000010055', 0, '30,31,32,33,34,35,36,91,92,99,100,101,87,88,39,42,43,44,45,46,47,48,49,50,51,52,53,54,55,57,58,59,68,71,72,73,74,83,61,62,89,90,63,64,60,94,95,96,65,66,93', '1,2,6,9,11,12,17,18,19,20,21,23,24,25,26,27,28', b'01', '2021-03-04 09:34:55', 'admin', '2021-03-04 09:34:55', 'admin', b'0'),
	(56, 56, '分体机消毒设备', '000000000000000000010056', 0, '30,31,32,33,34,35,36,91,92,99,100,101,87,88,39,42,43,44,45,46,47,48,49,50,51,52,53,54,55,57,58,59,68,71,72,73,74,83,61,62,89,90,63,64,60,94,95,96,65,66,93', '1,2,6,9,11,12,17,18,19,20,21,23,24,25,26,27,28', b'01', '2021-03-04 09:34:55', 'admin', '2021-03-04 09:34:55', 'admin', b'0'),
	(58, 8, '分体机消毒设备', '000000000000000000010058', 0, '30,31,32,33,34,35,36,91,92,99,100,101,87,88,39,42,43,44,45,46,47,48,49,50,51,52,53,54,55,57,58,59,68,71,72,73,74,83,61,62,89,90,63,64,60,94,95,96,65,66,93', '1,2,6,9,11,12,17,18,19,20,21,23,24,25,26,27,28', b'01', '2021-03-04 09:34:55', 'admin', '2021-03-04 09:34:55', 'admin', b'0'),
	(59, 6, '分体机消毒设备', '000000000000000000010059', 0, '30,31,32,33,34,35,36,91,92,99,100,101,87,88,39,42,43,44,45,46,47,48,49,50,51,52,53,54,55,57,58,59,68,71,72,73,74,83,61,62,89,90,63,64,60,94,95,96,65,66,93', '1,2,6,9,11,12,17,18,19,20,21,23,24,25,26,27,28', b'01', '2021-03-04 09:34:55', 'admin', '2021-03-04 09:34:55', 'admin', b'0'),
	(61, 7, '分体机消毒设备', '000000000000000000010061', 0, '30,31,32,33,34,35,36,91,92,99,100,101,87,88,39,42,43,44,45,46,47,48,49,50,51,52,53,54,55,57,58,59,68,71,72,73,74,83,61,62,89,90,63,64,60,94,95,96,65,66,93', '1,2,6,9,11,12,17,18,19,20,21,23,24,25,26,27,28', b'01', '2021-03-04 09:34:55', 'admin', '2021-03-04 09:34:55', 'admin', b'0'),
	(64, 63, '分体机消毒设备', '000000000000000000010064', 0, '30,31,32,33,34,35,36,91,92,99,100,101,87,88,39,42,43,44,45,46,47,48,49,50,51,52,53,54,55,57,58,59,68,71,72,73,74,83,61,62,89,90,63,64,60,94,95,96,65,66,93', '1,2,6,9,11,12,17,18,19,20,21,23,24,25,26,27,28', b'01', '2021-03-04 09:34:55', 'admin', '2021-03-04 09:34:55', 'admin', b'0'),
	(67, 64, '分体机消毒设备', '000000000000000000010067', 0, '30,31,32,33,34,35,36,91,92,99,100,101,87,88,39,42,43,44,45,46,47,48,49,50,51,52,53,54,55,57,58,59,68,71,72,73,74,83,61,62,89,90,63,64,60,94,95,96,65,66,93', '1,2,6,9,11,12,17,18,19,20,21,23,24,25,26,27,28', b'01', '2021-03-04 09:34:55', 'admin', '2021-03-04 09:34:55', 'admin', b'0'),
	(68, 65, '分体机消毒设备', '000000000000000000010068', 0, '30,31,32,33,34,35,36,91,92,99,100,101,87,88,39,42,43,44,45,46,47,48,49,50,51,52,53,54,55,57,58,59,68,71,72,73,74,83,61,62,89,90,63,64,60,94,95,96,65,66,93', '1,2,6,9,11,12,17,18,19,20,21,23,24,25,26,27,28', b'01', '2021-03-04 09:34:55', 'admin', '2021-03-04 09:34:55', 'admin', b'0'),
	(69, 66, '分体机消毒设备', '000000000000000000010069', 0, '30,31,32,33,34,35,36,91,92,99,100,101,87,88,39,42,43,44,45,46,47,48,49,50,51,52,53,54,55,57,58,59,68,71,72,73,74,83,61,62,89,90,63,64,60,94,95,96,65,66,93', '1,2,6,9,11,12,17,18,19,20,21,23,24,25,26,27,28', b'01', '2021-03-04 09:34:55', 'admin', '2021-03-04 09:34:55', 'admin', b'0'),
	(71, 67, '分体机消毒设备', '000000000000000000010071', 0, '30,31,32,33,34,35,36,91,92,99,100,101,87,88,39,42,43,44,45,46,47,48,49,50,51,52,53,54,55,57,58,59,68,71,72,73,74,83,61,62,89,90,63,64,60,94,95,96,65,66,93', '1,2,6,9,11,12,17,18,19,20,21,23,24,25,26,27,28', b'01', '2021-03-04 09:34:55', 'admin', '2021-03-04 09:34:55', 'admin', b'0'),
	(72, 68, '分体机消毒设备', '000000000000000000010072', 1, '30,31,32,33,34,35,36,91,92,99,100,101,87,88,39,42,43,44,45,46,47,48,49,50,51,52,53,54,55,57,58,59,68,71,72,73,74,83,61,62,89,90,63,64,60,94,95,96,65,66,93', '1,2,6,9,11,12,17,18,19,20,21,23,24,25,26,27,28', b'01', '2021-03-04 09:34:55', 'admin', '2021-03-04 09:34:55', 'admin', b'0'),
	(75, 71, '分体机消毒设备', '000000000000000000010075', 0, '30,31,32,33,34,35,36,91,92,99,100,101,87,88,39,42,43,44,45,46,47,48,49,50,51,52,53,54,55,57,58,59,68,71,72,73,74,83,61,62,89,90,63,64,60,94,95,96,65,66,93', '1,2,6,9,11,12,17,18,19,20,21,23,24,25,26,27,28', b'01', '2021-03-04 09:34:55', 'admin', '2021-03-04 09:34:55', 'admin', b'0'),
	(79, 74, '分体机消毒设备', '000000000000000000010079', 0, '30,31,32,33,34,35,36,91,92,99,100,101,87,88,39,42,43,44,45,46,47,48,49,50,51,52,53,54,55,57,58,59,68,71,72,73,74,83,61,62,89,90,63,64,60,94,95,96,65,66,93', '1,2,6,9,11,12,17,18,19,20,21,23,24,25,26,27,28', b'00', '2021-03-04 09:34:55', 'admin', '2021-03-04 09:34:55', 'admin', b'0'),
	(80, 75, '分体机消毒设备', '000000000000000000010080', 0, '30,31,32,33,34,35,36,91,92,99,100,101,87,88,39,42,43,44,45,46,47,48,49,50,51,52,53,54,55,57,58,59,68,71,72,73,74,83,61,62,89,90,63,64,60,94,95,96,65,66,93', '1,2,6,9,11,12,17,18,19,20,21,23,24,25,26,27,28', b'01', '2021-03-04 09:34:55', 'admin', '2021-03-04 09:34:55', 'admin', b'0'),
	(81, 76, '分体机消毒设备', '000000000000000000010081', 0, '30,31,32,33,34,35,36,91,92,99,100,101,87,88,39,42,43,44,45,46,47,48,49,50,51,52,53,54,55,57,58,59,68,71,72,73,74,83,61,62,89,90,63,64,60,94,95,96,65,66,93', '1,2,6,9,11,12,17,18,19,20,21,23,24,25,26,27,28', b'01', '2021-03-04 09:34:55', 'admin', '2021-03-04 09:34:55', 'admin', b'0'),
	(92, 86, '分体机消毒设备', '000000000000000000010092', 0, '30,31,32,33,34,35,36,91,92,99,100,101,87,88,39,42,43,44,45,46,47,48,49,50,51,52,53,54,55,57,58,59,68,71,72,73,74,83,61,62,89,90,63,64,60,94,95,96,65,66,93', '1,2,6,9,11,12,17,18,19,20,21,23,24,25,26,27,28', b'01', '2021-03-04 09:34:55', 'admin', '2021-03-04 09:34:55', 'admin', b'0'),
	(94, 88, '分体机消毒设备', '000000000000000000010094', 0, '30,31,32,33,34,35,36,91,92,99,100,101,87,88,39,42,43,44,45,46,47,48,49,50,51,52,53,54,55,57,58,59,68,71,72,73,74,83,61,62,89,90,63,64,60,94,95,96,65,66,93', '1,2,6,9,11,12,17,18,19,20,21,23,24,25,26,27,28', b'01', '2021-03-04 09:34:55', 'admin', '2021-03-04 09:34:55', 'admin', b'0'),
	(95, 89, '分体机消毒设备', '000000000000000000010095', 0, '30,31,32,33,34,35,36,91,92,99,100,101,87,88,39,42,43,44,45,46,47,48,49,50,51,52,53,54,55,57,58,59,68,71,72,73,74,83,61,62,89,90,63,64,60,94,95,96,65,66,93', '1,2,6,9,11,12,17,18,19,20,21,23,24,25,26,27,28', b'01', '2021-03-04 09:34:55', 'admin', '2021-03-04 09:34:55', 'admin', b'0'),
	(96, 90, '分体式消毒设备', '000000000000000000010096', 0, '30,31,32,33,34,35,36,91,92,99,100,101,87,88,39,42,43,44,45,46,47,48,49,50,51,52,53,54,55,57,58,59,68,71,72,73,74,83,61,62,89,90,63,64,60,94,95,96,65,66,93', '1,2,6,9,11,12,17,18,19,20,21,23,24,25,26,27,28', b'01', '2021-03-04 09:34:55', 'admin', '2021-03-04 09:34:55', 'admin', b'0'),
	(97, 91, '分体机消毒设备', '000000000000000000010097', 0, '30,31,32,33,34,35,36,91,92,99,100,101,87,88,39,42,43,44,45,46,47,48,49,50,51,52,53,54,55,57,58,59,68,71,72,73,74,83,61,62,89,90,63,64,60,94,95,96,65,66,93', '1,2,6,9,11,12,17,18,19,20,21,23,24,25,26,27,28', b'01', '2021-03-04 09:34:55', 'admin', '2021-03-04 09:34:55', 'admin', b'0'),
	(98, 92, '分体机消毒设备', '000000000000000000010098', 0, '30,31,32,33,34,35,36,91,92,99,100,101,87,88,39,42,43,44,45,46,47,48,49,50,51,52,53,54,55,57,58,59,68,71,72,73,74,83,61,62,89,90,63,64,60,94,95,96,65,66,93', '1,2,6,9,11,12,17,18,19,20,21,23,24,25,26,27,28', b'01', '2021-03-04 09:34:55', 'admin', '2021-03-04 09:34:55', 'admin', b'0'),
	(99, 94, '分体机消毒设备', '000000000000000000010099', 0, '30,31,32,33,34,35,36,91,92,99,100,101,87,88,39,42,43,44,45,46,47,48,49,50,51,52,53,54,55,57,58,59,68,71,72,73,74,83,61,62,89,90,63,64,60,94,95,96,65,66,93', '1,2,6,9,11,12,17,18,19,20,21,23,24,25,26,27,28', b'01', '2021-03-04 09:34:55', 'admin', '2021-03-04 09:34:55', 'admin', b'0'),
	(100, 93, '分体机消毒设备', '000000000000000000010100', 0, '30,31,32,33,34,35,36,91,92,99,100,101,87,88,39,42,43,44,45,46,47,48,49,50,51,52,53,54,55,57,58,59,68,71,72,73,74,83,61,62,89,90,63,64,60,94,95,96,65,66,93', '1,2,6,9,11,12,17,18,19,20,21,23,24,25,26,27,28', b'01', '2021-03-04 09:34:55', 'admin', '2021-03-04 09:34:55', 'admin', b'0'),
	(101, 95, '分体机消毒设备', '000000000000000000010101', 0, '30,31,32,33,34,35,36,91,92,99,100,101,87,88,39,42,43,44,45,46,47,48,49,50,51,52,53,54,55,57,58,59,68,71,72,73,74,83,61,62,89,90,63,64,60,94,95,96,65,66,93', '1,2,6,9,11,12,17,18,19,20,21,23,24,25,26,27,28', b'01', '2021-03-04 09:34:55', 'admin', '2021-03-04 09:34:55', 'admin', b'0'),
	(102, 96, '分体机消毒设备', '000000000000000000010102', 0, '30,31,32,33,34,35,36,91,92,99,100,101,87,88,39,42,43,44,45,46,47,48,49,50,51,52,53,54,55,57,58,59,68,71,72,73,74,83,61,62,89,90,63,64,60,94,95,96,65,66,93', '1,2,6,9,11,12,17,18,19,20,21,23,24,25,26,27,28', b'01', '2021-03-04 09:34:55', 'admin', '2021-03-04 09:34:55', 'admin', b'0'),
	(103, 97, '分体机消毒设备', '000000000000000000010103', 0, '30,31,32,33,34,35,36,91,92,99,100,101,87,88,39,42,43,44,45,46,47,48,49,50,51,52,53,54,55,57,58,59,68,71,72,73,74,83,61,62,89,90,63,64,60,94,95,96,65,66,93', '1,2,6,9,11,12,17,18,19,20,21,23,24,25,26,27,28', b'01', '2021-03-04 09:34:55', 'admin', '2021-03-04 09:34:55', 'admin', b'0'),
	(104, 98, '分体机消毒设备', '000000000000000000010104', 0, '30,31,32,33,34,35,36,91,92,99,100,101,87,88,39,42,43,44,45,46,47,48,49,50,51,52,53,54,55,57,58,59,68,71,72,73,74,83,61,62,89,90,63,64,60,94,95,96,65,66,93', '1,2,6,9,11,12,17,18,19,20,21,23,24,25,26,27,28', b'01', '2021-03-04 09:34:55', 'admin', '2021-03-04 09:34:55', 'admin', b'0'),
	(105, 99, '分体机消毒设备', '000000000000000000010105', 0, '30,31,32,33,34,35,36,91,92,99,100,101,87,88,39,42,43,44,45,46,47,48,49,50,51,52,53,54,55,57,58,59,68,71,72,73,74,83,61,62,89,90,63,64,60,94,95,96,65,66,93', '1,2,6,9,11,12,17,18,19,20,21,23,24,25,26,27,28', b'01', '2021-03-04 09:34:55', 'admin', '2021-03-04 09:34:55', 'admin', b'0'),
	(106, 100, '分体机消毒设备', '000000000000000000010106', 0, '30,31,32,33,34,35,36,91,92,99,100,101,87,88,39,42,43,44,45,46,47,48,49,50,51,52,53,54,55,57,58,59,68,71,72,73,74,83,61,62,89,90,63,64,60,94,95,96,65,66,93', '1,2,6,9,11,12,17,18,19,20,21,23,24,25,26,27,28', b'01', '2021-03-04 09:34:55', 'admin', '2021-03-04 09:34:55', 'admin', b'0'),
	(107, 101, '分体机消毒设备', '000000000000000000010107', 0, '30,31,32,33,34,35,36,91,92,99,100,101,87,88,39,42,43,44,45,46,47,48,49,50,51,52,53,54,55,57,58,59,68,71,72,73,74,83,61,62,89,90,63,64,60,94,95,96,65,66,93', '1,2,6,9,11,12,17,18,19,20,21,23,24,25,26,27,28', b'01', '2021-03-04 09:34:55', 'admin', '2021-03-04 09:34:55', 'admin', b'0'),
	(108, 102, '分体机消毒设备', '000000000000000000010108', 0, '30,31,32,33,34,35,36,91,92,99,100,101,87,88,39,42,43,44,45,46,47,48,49,50,51,52,53,54,55,57,58,59,68,71,72,73,74,83,61,62,89,90,63,64,60,94,95,96,65,66,93', '1,2,6,9,11,12,17,18,19,20,21,23,24,25,26,27,28', b'01', '2021-03-04 09:34:55', 'admin', '2021-03-04 09:34:55', 'admin', b'0'),
	(109, 103, '分体机消毒设备', '000000000000000000010109', 0, '30,31,32,33,34,35,36,91,92,99,100,101,87,88,39,42,43,44,45,46,47,48,49,50,51,52,53,54,55,57,58,59,68,71,72,73,74,83,61,62,89,90,63,64,60,94,95,96,65,66,93', '1,2,6,9,11,12,17,18,19,20,21,23,24,25,26,27,28', b'01', '2021-03-04 09:34:55', 'admin', '2021-03-04 09:34:55', 'admin', b'0'),
	(110, 104, '分体机消毒设备', '000000000000000000010110', 0, '30,31,32,33,34,35,36,91,92,99,100,101,87,88,39,42,43,44,45,46,47,48,49,50,51,52,53,54,55,57,58,59,68,71,72,73,74,83,61,62,89,90,63,64,60,94,95,96,65,66,93', '1,2,6,9,11,12,17,18,19,20,21,23,24,25,26,27,28', b'01', '2021-03-04 09:34:55', 'admin', '2021-03-04 09:34:55', 'admin', b'0'),
	(111, 105, '分体机消毒设备', '000000000000000000010111', 0, '30,31,32,33,34,35,36,91,92,99,100,101,87,88,39,42,43,44,45,46,47,48,49,50,51,52,53,54,55,57,58,59,68,71,72,73,74,83,61,62,89,90,63,64,60,94,95,96,65,66,93', '1,2,6,9,11,12,17,18,19,20,21,23,24,25,26,27,28', b'01', '2021-03-04 09:34:55', 'admin', '2021-03-04 09:34:55', 'admin', b'0'),
	(113, 107, '分体机消毒设备', '000000000000000000010113', 0, '30,31,32,33,34,35,36,91,92,99,100,101,87,88,39,42,43,44,45,46,47,48,49,50,51,52,53,54,55,57,58,59,68,71,72,73,74,83,61,62,89,90,63,64,60,94,95,96,65,66,93', '1,2,6,9,11,12,17,18,19,20,21,23,24,25,26,27,28', b'01', '2021-03-04 09:34:55', 'admin', '2021-03-04 09:34:55', 'admin', b'0'),
	(114, 108, '分体机消毒设备', '000000000000000000010114', 0, '30,31,32,33,34,35,36,91,92,99,100,101,87,88,39,42,43,44,45,46,47,48,49,50,51,52,53,54,55,57,58,59,68,71,72,73,74,83,61,62,89,90,63,64,60,94,95,96,65,66,93', '1,2,6,9,11,12,17,18,19,20,21,23,24,25,26,27,28', b'01', '2021-03-04 09:34:55', 'admin', '2021-03-04 09:34:55', 'admin', b'0'),
	(115, 109, '分体机消毒设备', '000000000000000000010115', 0, '30,31,32,33,34,35,36,91,92,99,100,101,87,88,39,42,43,44,45,46,47,48,49,50,51,52,53,54,55,57,58,59,68,71,72,73,74,83,61,62,89,90,63,64,60,94,95,96,65,66,93', '1,2,6,9,11,12,17,18,19,20,21,23,24,25,26,27,28', b'01', '2021-03-04 09:34:55', 'admin', '2021-03-04 09:34:55', 'admin', b'0'),
	(116, 110, '分体机消毒设备', '000000000000000000010116', 0, '30,31,32,33,34,35,36,91,92,99,100,101,87,88,39,42,43,44,45,46,47,48,49,50,51,52,53,54,55,57,58,59,68,71,72,73,74,83,61,62,89,90,63,64,60,94,95,96,65,66,93', '1,2,6,9,11,12,17,18,19,20,21,23,24,25,26,27,28', b'01', '2021-03-04 09:34:55', 'admin', '2021-03-04 09:34:55', 'admin', b'0'),
	(117, 111, '分体机消毒设备', '000000000000000000010117', 0, '30,31,32,33,34,35,36,91,92,99,100,101,87,88,39,42,43,44,45,46,47,48,49,50,51,52,53,54,55,57,58,59,68,71,72,73,74,83,61,62,89,90,63,64,60,94,95,96,65,66,93', '1,2,6,9,11,12,17,18,19,20,21,23,24,25,26,27,28', b'01', '2021-03-04 09:34:55', 'admin', '2021-03-04 09:34:55', 'admin', b'0'),
	(118, 112, '分体机消毒设备', '000000000000000000010118', 0, '30,31,32,33,34,35,36,91,92,99,100,101,87,88,39,42,43,44,45,46,47,48,49,50,51,52,53,54,55,57,58,59,68,71,72,73,74,83,61,62,89,90,63,64,60,94,95,96,65,66,93', '1,2,6,9,11,12,17,18,19,20,21,23,24,25,26,27,28', b'01', '2021-03-04 09:34:55', 'admin', '2021-03-04 09:34:55', 'admin', b'0'),
	(119, 113, '分体机消毒设备', '000000000000000000010119', 0, '30,31,32,33,34,35,36,91,92,99,100,101,87,88,39,42,43,44,45,46,47,48,49,50,51,52,53,54,55,57,58,59,68,71,72,73,74,83,61,62,89,90,63,64,60,94,95,96,65,66,93', '1,2,6,9,11,12,17,18,19,20,21,23,24,25,26,27,28', b'01', '2021-03-04 09:34:55', 'admin', '2021-03-04 09:34:55', 'admin', b'0'),
	(121, 115, '分体机消毒设备', '000000000000000000010121', 0, '30,31,32,33,34,35,36,91,92,99,100,101,87,88,39,42,43,44,45,46,47,48,49,50,51,52,53,54,55,57,58,59,68,71,72,73,74,83,61,62,89,90,63,64,60,94,95,96,65,66,93', '1,2,6,9,11,12,17,18,19,20,21,23,24,25,26,27,28', b'00', '2021-03-04 09:34:55', 'admin', '2021-03-04 09:34:55', 'admin', b'0'),
	(122, 116, '分体机消毒设备', '000000000000000000010122', 0, '30,31,32,33,34,35,36,91,92,99,100,101,87,88,39,42,43,44,45,46,47,48,49,50,51,52,53,54,55,57,58,59,68,71,72,73,74,83,61,62,89,90,63,64,60,94,95,96,65,66,93', '1,2,6,9,11,12,17,18,19,20,21,23,24,25,26,27,28', b'00', '2021-03-04 09:34:55', 'admin', '2021-03-04 09:34:55', 'admin', b'0'),
	(123, 117, '分体机消毒设备', '000000000000000000010123', 0, '30,31,32,33,34,35,36,91,92,99,100,101,87,88,39,42,43,44,45,46,47,48,49,50,51,52,53,54,55,57,58,59,68,71,72,73,74,83,61,62,89,90,63,64,60,94,95,96,65,66,93', '1,2,6,9,11,12,17,18,19,20,21,23,24,25,26,27,28', b'01', '2021-03-04 09:34:55', 'admin', '2021-03-04 09:34:55', 'admin', b'0'),
	(124, 119, '分体机消毒设备', '000000000000000000010124', 0, '30,31,32,33,34,35,36,91,92,99,100,101,87,88,39,42,43,44,45,46,47,48,49,50,51,52,53,54,55,57,58,59,68,71,72,73,74,83,61,62,89,90,63,64,60,94,95,96,65,66,93', '1,2,6,9,11,12,17,18,19,20,21,23,24,25,26,27,28', b'01', '2021-03-04 09:34:55', 'admin', '2021-03-04 09:34:55', 'admin', b'0'),
	(128, 122, '分体机消毒设备', '000000000000000000010128', 0, '30,31,32,33,34,35,36,91,92,99,100,101,87,88,39,42,43,44,45,46,47,48,49,50,51,52,53,54,55,57,58,59,68,71,72,73,74,83,61,62,89,90,63,64,60,94,95,96,65,66,93', '1,2,6,9,11,12,17,18,19,20,21,23,24,25,26,27,28', b'01', '2021-03-04 09:34:55', 'admin', '2021-03-04 09:34:55', 'admin', b'0'),
	(129, 123, '分体机消毒设备', '000000000000000000010129', 0, '30,31,32,33,34,35,36,91,92,99,100,101,87,88,39,42,43,44,45,46,47,48,49,50,51,52,53,54,55,57,58,59,68,71,72,73,74,83,61,62,89,90,63,64,60,94,95,96,65,66,93', '1,2,6,9,11,12,17,18,19,20,21,23,24,25,26,27,28', b'01', '2021-03-04 09:34:55', 'admin', '2021-03-04 09:34:55', 'admin', b'0'),
	(132, 125, '分体机消毒设备', '000000000000000000010132', 0, '30,31,32,33,34,35,36,91,92,99,100,101,87,88,39,42,43,44,45,46,47,48,49,50,51,52,53,54,55,57,58,59,68,71,72,73,74,83,61,62,89,90,63,64,60,94,95,96,65,66,93', '1,2,6,9,11,12,17,18,19,20,21,23,24,25,26,27,28', b'01', '2021-03-04 09:34:55', 'admin', '2021-03-04 09:34:55', 'admin', b'0'),
	(136, 129, '分体机消毒设备', '000000000000000000010136', 0, '30,31,32,33,34,35,36,91,92,99,100,101,87,88,39,42,43,44,45,46,47,48,49,50,51,52,53,54,55,57,58,59,68,71,72,73,74,83,61,62,89,90,63,64,60,94,95,96,65,66,93', '1,2,6,9,11,12,17,18,19,20,21,23,24,25,26,27,28', b'01', '2021-03-04 09:34:55', 'admin', '2021-03-04 09:34:55', 'admin', b'0'),
	(138, 131, '分体机消毒设备', '000000000000000000010138', 0, '30,31,32,33,34,35,36,91,92,99,100,101,87,88,39,42,43,44,45,46,47,48,49,50,51,52,53,54,55,57,58,59,68,71,72,73,74,83,61,62,89,90,63,64,60,94,95,96,65,66,93', '1,2,6,9,11,12,17,18,19,20,21,23,24,25,26,27,28', b'01', '2021-03-04 09:34:55', 'admin', '2021-03-04 09:34:55', 'admin', b'0'),
	(139, 132, '分体机消毒设备', '000000000000000000010139', 0, '30,31,32,33,34,35,36,91,92,99,100,101,87,88,39,42,43,44,45,46,47,48,49,50,51,52,53,54,55,57,58,59,68,71,72,73,74,83,61,62,89,90,63,64,60,94,95,96,65,66,93', '1,2,6,9,11,12,17,18,19,20,21,23,24,25,26,27,28', b'01', '2021-03-04 09:34:55', 'admin', '2021-03-04 09:34:55', 'admin', b'0'),
	(140, 133, '分体机消毒设备', '000000000000000000010140', 0, '30,31,32,33,34,35,36,91,92,99,100,101,87,88,39,42,43,44,45,46,47,48,49,50,51,52,53,54,55,57,58,59,68,71,72,73,74,83,61,62,89,90,63,64,60,94,95,96,65,66,93', '1,2,6,9,11,12,17,18,19,20,21,23,24,25,26,27,28', b'01', '2021-03-04 09:34:55', 'admin', '2021-03-04 09:34:55', 'admin', b'0'),
	(141, 134, '分体机消毒设备', '000000000000000000010141', 0, '30,31,32,33,34,35,36,91,92,99,100,101,87,88,39,42,43,44,45,46,47,48,49,50,51,52,53,54,55,57,58,59,68,71,72,73,74,83,61,62,89,90,63,64,60,94,95,96,65,66,93', '1,2,6,9,11,12,17,18,19,20,21,23,24,25,26,27,28', b'01', '2021-03-04 09:34:55', 'admin', '2021-03-04 09:34:55', 'admin', b'0'),
	(142, 135, '分体机消毒设备', '000000000000000000010142', 0, '30,31,32,33,34,35,36,91,92,99,100,101,87,88,39,42,43,44,45,46,47,48,49,50,51,52,53,54,55,57,58,59,68,71,72,73,74,83,61,62,89,90,63,64,60,94,95,96,65,66,93', '1,2,6,9,11,12,17,18,19,20,21,23,24,25,26,27,28', b'01', '2021-03-04 09:34:55', 'admin', '2021-03-04 09:34:55', 'admin', b'0'),
	(145, 138, '分体机消毒设备', '000000000000000000010145', 0, '30,31,32,33,34,35,36,91,92,99,100,101,87,88,39,42,43,44,45,46,47,48,49,50,51,52,53,54,55,57,58,59,68,71,72,73,74,83,61,62,89,90,63,64,60,94,95,96,65,66,93', '1,2,6,9,11,12,17,18,19,20,21,23,24,25,26,27,28', b'01', '2021-03-04 09:34:55', 'admin', '2021-03-04 09:34:55', 'admin', b'0'),
	(146, 139, '分体机消毒设备', '000000000000000000010146', 0, '30,31,32,33,34,35,36,91,92,99,100,101,87,88,39,42,43,44,45,46,47,48,49,50,51,52,53,54,55,57,58,59,68,71,72,73,74,83,61,62,89,90,63,64,60,94,95,96,65,66,93', '1,2,6,9,11,12,17,18,19,20,21,23,24,25,26,27,28', b'01', '2021-03-04 09:34:55', 'admin', '2021-03-04 09:34:55', 'admin', b'0'),
	(147, 140, '分体机消毒设备', '000000000000000000010147', 0, '30,31,32,33,34,35,36,91,92,99,100,101,87,88,39,42,43,44,45,46,47,48,49,50,51,52,53,54,55,57,58,59,68,71,72,73,74,83,61,62,89,90,63,64,60,94,95,96,65,66,93', '1,2,6,9,11,12,17,18,19,20,21,23,24,25,26,27,28', b'01', '2021-03-04 09:34:55', 'admin', '2021-03-04 09:34:55', 'admin', b'0'),
	(152, 145, '分体机消毒设备', '000000000000000000010152', 0, '30,31,32,33,34,35,36,91,92,99,100,101,87,88,39,42,43,44,45,46,47,48,49,50,51,52,53,54,55,57,58,59,68,71,72,73,74,83,61,62,89,90,63,64,60,94,95,96,65,66,93', '1,2,6,9,11,12,17,18,19,20,21,23,24,25,26,27,28', b'01', '2021-03-04 09:34:55', 'admin', '2021-03-04 09:34:55', 'admin', b'0'),
	(154, 147, '分体机消毒设备', '000000000000000000010154', 0, '30,31,32,33,34,35,36,91,92,99,100,101,87,88,39,42,43,44,45,46,47,48,49,50,51,52,53,54,55,57,58,59,68,71,72,73,74,83,61,62,89,90,63,64,60,94,95,96,65,66,93', '1,2,6,9,11,12,17,18,19,20,21,23,24,25,26,27,28', b'01', '2021-03-04 09:34:55', 'admin', '2021-03-04 09:34:55', 'admin', b'0');
/*!40000 ALTER TABLE `config_terminal` ENABLE KEYS */;

-- 导出  表 styx_monitor.config_variable 结构
CREATE TABLE IF NOT EXISTS `config_variable` (
  `id` int(11) NOT NULL AUTO_INCREMENT COMMENT '变量管理表主键',
  `name` varchar(50) CHARACTER SET utf8mb4 NOT NULL COMMENT '变量名称',
  `type` tinyint(4) NOT NULL COMMENT '变量类型',
  `unit` varchar(20) CHARACTER SET utf8mb4 DEFAULT NULL COMMENT '变量单位',
  `min` float(13,2) DEFAULT NULL COMMENT '变量最小值',
  `max` float(13,2) DEFAULT NULL COMMENT '变量最大值',
  `scale` int(11) DEFAULT '0' COMMENT '如果scale大于零，表示数字精确到小数点右边的位数；scale默认设置为0；如果scale小于零，将把该数字取舍到小数点左边的指定位数',
  `byte_position` int(11) NOT NULL COMMENT '数据地址起始位置',
  `bit_position` int(11) NOT NULL COMMENT '开关量数据地址',
  `enabled` bit(1) NOT NULL DEFAULT b'0' COMMENT '是否启用 1是0否',
  `persisted` bit(1) NOT NULL DEFAULT b'0' COMMENT '是否持久化',
  `create_time` datetime DEFAULT NULL COMMENT '创建时间',
  `create_by` varchar(32) CHARACTER SET utf8mb4 DEFAULT NULL COMMENT '创建人',
  `update_time` datetime DEFAULT NULL COMMENT '更新时间',
  `update_by` varchar(32) CHARACTER SET utf8mb4 DEFAULT NULL COMMENT '更新人',
  `deleted` bit(1) DEFAULT b'0' COMMENT '是否删除',
  PRIMARY KEY (`id`) USING BTREE
) ENGINE=InnoDB DEFAULT CHARSET=utf8 ROW_FORMAT=COMPACT;

-- 正在导出表  styx_monitor.config_variable 的数据：~51 rows (大约)
/*!40000 ALTER TABLE `config_variable` DISABLE KEYS */;
INSERT INTO `config_variable` (`id`, `name`, `type`, `unit`, `min`, `max`, `scale`, `byte_position`, `bit_position`, `enabled`, `persisted`, `create_time`, `create_by`, `update_time`, `update_by`, `deleted`) VALUES
	(30, 'PH值', 2, '', 6.00, 9.00, NULL, 235, 0, b'1', b'1', '2021-03-04 10:04:55', 'admin', '2021-03-04 09:34:55', 'admin', b'0'),
	(31, '总余氯值', 2, 'mg/L', 2.00, 20.00, NULL, 239, 0, b'1', b'1', '2021-03-04 10:05:55', 'admin', '2021-03-04 09:34:55', 'admin', b'0'),
	(32, 'PH值校正', 2, '', 0.00, 14.00, NULL, 247, 0, b'1', b'0', '2021-03-04 10:06:55', 'admin', '2021-03-04 09:34:55', 'admin', b'0'),
	(33, '总氯值校正', 2, 'L', 0.00, 1000.00, NULL, 251, 0, b'1', b'0', '2021-03-04 10:07:55', 'admin', '2021-03-04 09:34:55', 'admin', b'0'),
	(34, '瞬时流量', 2, 'm3/h', 0.00, 1000000.00, NULL, 261, 0, b'1', b'1', '2021-03-04 10:08:55', 'admin', '2021-03-04 09:34:55', 'admin', b'0'),
	(35, '累计流量', 2, 'm3', 0.00, 1000000.00, NULL, 265, 0, b'1', b'1', '2021-03-04 10:09:55', 'admin', '2021-03-04 09:34:55', 'admin', b'0'),
	(36, '排放总氯值', 2, 'L', 0.00, 1000000.00, NULL, 327, 0, b'1', b'0', '2021-03-04 10:10:55', 'admin', '2021-03-04 09:34:55', 'admin', b'0'),
	(39, '循环泵A自动', 0, NULL, 0.00, 0.00, NULL, 27, 2, b'1', b'0', '2021-03-04 10:13:55', 'admin', '2021-03-04 09:34:55', 'admin', b'0'),
	(42, '药箱循环泵自动', 0, NULL, 0.00, 0.00, NULL, 27, 5, b'1', b'0', '2021-03-04 10:16:55', 'admin', '2021-03-04 09:34:55', 'admin', b'0'),
	(43, '补药泵自动', 0, NULL, 0.00, 0.00, NULL, 27, 6, b'1', b'0', '2021-03-04 10:17:55', 'admin', '2021-03-04 09:34:55', 'admin', b'0'),
	(44, '除氯泵自动', 0, NULL, 0.00, 0.00, NULL, 27, 7, b'1', b'0', '2021-03-04 10:18:55', 'admin', '2021-03-04 09:34:55', 'admin', b'0'),
	(45, '提升泵A故障', 0, NULL, 0.00, 0.00, NULL, 28, 0, b'1', b'0', '2021-03-04 10:19:55', 'admin', '2021-03-04 09:34:55', 'admin', b'0'),
	(46, '提升泵B故障', 0, NULL, 0.00, 0.00, NULL, 28, 1, b'1', b'0', '2021-03-04 10:20:55', 'admin', '2021-03-04 09:34:55', 'admin', b'0'),
	(47, '搅拌泵故障', 0, NULL, 0.00, 0.00, NULL, 28, 2, b'1', b'0', '2021-03-04 10:21:55', 'admin', '2021-03-04 09:34:55', 'admin', b'0'),
	(48, '取样泵故障', 0, NULL, 0.00, 0.00, NULL, 28, 3, b'1', b'0', '2021-03-04 10:22:55', 'admin', '2021-03-04 09:34:55', 'admin', b'0'),
	(49, '回流泵故障', 0, NULL, 0.00, 0.00, NULL, 28, 4, b'1', b'0', '2021-03-04 10:23:55', 'admin', '2021-03-04 09:34:55', 'admin', b'0'),
	(50, '除氯泵故障', 0, NULL, 0.00, 0.00, NULL, 28, 5, b'1', b'0', '2021-03-04 10:24:55', 'admin', '2021-03-04 09:34:55', 'admin', b'0'),
	(51, '原水高液位', 0, NULL, 0.00, 0.00, NULL, 28, 6, b'1', b'0', '2021-03-04 10:25:55', 'admin', '2021-03-04 09:34:55', 'admin', b'0'),
	(52, '原水低液位', 0, NULL, 0.00, 0.00, NULL, 28, 7, b'1', b'0', '2021-03-04 10:26:55', 'admin', '2021-03-04 09:34:55', 'admin', b'0'),
	(53, '调节池液位', 0, NULL, 0.00, 0.00, NULL, 29, 0, b'1', b'0', '2021-03-04 10:27:55', 'admin', '2021-03-04 09:34:55', 'admin', b'0'),
	(54, '药箱低液位', 0, NULL, 0.00, 0.00, NULL, 29, 1, b'1', b'0', '2021-03-04 10:28:55', 'admin', '2021-03-04 09:34:55', 'admin', b'0'),
	(55, '药箱超低液位', 0, NULL, 0.00, 0.00, NULL, 29, 2, b'1', b'0', '2021-03-04 10:29:55', 'admin', '2021-03-04 09:34:55', 'admin', b'0'),
	(57, '加药泵C自动', 0, NULL, 0.00, 0.00, NULL, 29, 4, b'1', b'0', '2021-03-04 10:31:55', 'admin', '2021-03-04 09:34:55', 'admin', b'0'),
	(58, '循环泵B自动', 0, NULL, 0.00, 0.00, NULL, 29, 5, b'1', b'0', '2021-03-04 10:32:55', 'admin', '2021-03-04 09:34:55', 'admin', b'0'),
	(59, '提升泵A启停', 0, NULL, 0.00, 0.00, NULL, 35, 0, b'1', b'0', '2021-03-04 10:33:55', 'admin', '2021-03-04 09:34:55', 'admin', b'0'),
	(60, '提升泵B启停', 0, NULL, 0.00, 0.00, NULL, 35, 1, b'1', b'0', '2021-03-04 10:34:55', 'admin', '2021-03-04 09:34:55', 'admin', b'0'),
	(61, '反应循环泵A启停', 0, NULL, 0.00, 0.00, NULL, 35, 2, b'1', b'0', '2021-03-04 10:35:55', 'admin', '2021-03-04 09:34:55', 'admin', b'0'),
	(62, '取样泵启停', 0, NULL, 0.00, 0.00, NULL, 35, 3, b'1', b'0', '2021-03-04 10:36:55', 'admin', '2021-03-04 09:34:55', 'admin', b'0'),
	(63, '回流泵启停', 0, NULL, 0.00, 0.00, NULL, 35, 4, b'1', b'0', '2021-03-04 10:37:55', 'admin', '2021-03-04 09:34:55', 'admin', b'0'),
	(64, '药箱循环泵启停', 0, NULL, 0.00, 0.00, NULL, 35, 5, b'1', b'0', '2021-03-04 10:38:55', 'admin', '2021-03-04 09:34:55', 'admin', b'0'),
	(65, '补药泵启停', 0, NULL, 0.00, 0.00, NULL, 35, 6, b'1', b'0', '2021-03-04 10:39:55', 'admin', '2021-03-04 09:34:55', 'admin', b'0'),
	(66, '除氯泵启停', 0, NULL, 0.00, 0.00, NULL, 35, 7, b'1', b'0', '2021-03-04 10:40:55', 'admin', '2021-03-04 09:34:55', 'admin', b'0'),
	(68, '排放阀启停', 0, NULL, 0.00, 0.00, NULL, 36, 1, b'1', b'0', '2021-03-04 10:42:55', 'admin', '2021-03-04 09:34:55', 'admin', b'0'),
	(71, '反应循环泵B启停', 0, NULL, 0.00, 0.00, NULL, 36, 4, b'1', b'0', '2021-03-04 10:45:55', 'admin', '2021-03-04 09:34:55', 'admin', b'0'),
	(72, '絮凝剂加药泵启停', 0, NULL, 0.00, 0.00, NULL, 36, 5, b'1', b'0', '2021-03-04 10:46:55', 'admin', '2021-03-04 09:34:55', 'admin', b'0'),
	(73, '絮凝剂搅拌泵启停', 0, NULL, 0.00, 0.00, NULL, 36, 6, b'1', b'0', '2021-03-04 10:47:55', 'admin', '2021-03-04 09:34:55', 'admin', b'0'),
	(74, 'DPD检测启停', 0, NULL, 0.00, 0.00, NULL, 36, 7, b'1', b'0', '2021-03-04 10:48:55', 'admin', '2021-03-04 09:34:55', 'admin', b'0'),
	(83, '雨水收集池高液位', 0, NULL, 0.00, 0.00, NULL, 29, 7, b'1', b'0', '2021-03-04 10:57:55', 'admin', '2021-03-04 09:34:55', 'admin', b'0'),
	(87, 'COD', 2, 'mg/L', 0.00, 5000.00, NULL, 227, 0, b'1', b'1', '2021-03-04 11:01:55', 'admin', '2021-03-04 09:34:55', 'admin', b'0'),
	(88, 'NH3-N', 2, 'mg/L', 0.00, 500.00, NULL, 231, 0, b'1', b'1', '2021-03-04 11:02:55', 'admin', '2021-03-04 09:34:55', 'admin', b'0'),
	(89, '脱氯药箱低液位', 0, NULL, 0.00, 0.00, NULL, 30, 0, b'1', b'0', '2021-03-04 11:03:55', 'admin', '2021-03-04 09:34:55', 'admin', b'0'),
	(90, '脱氯药箱超低液位', 0, NULL, 0.00, 0.00, NULL, 30, 1, b'1', b'0', '2021-03-04 11:04:55', 'admin', '2021-03-04 09:34:55', 'admin', b'0'),
	(91, '脱氯PH值', 2, '', 6.00, 9.00, NULL, 219, 0, b'1', b'1', '2021-03-04 11:05:55', 'admin', '2021-03-04 09:34:55', 'admin', b'0'),
	(92, '实时脱氯值', 2, 'mg/L', 0.00, 1.00, NULL, 223, 0, b'1', b'1', '2021-03-04 11:06:55', 'admin', '2021-03-04 09:34:55', 'admin', b'0'),
	(93, '应急排放启停', 0, NULL, 0.00, 0.00, NULL, 45, 1, b'1', b'0', '2021-03-04 11:07:55', 'admin', '2021-03-04 09:34:55', 'admin', b'0'),
	(94, '提升泵进水流量异常', 0, NULL, 0.00, 0.00, NULL, 51, 2, b'1', b'0', '2021-03-04 11:08:55', 'admin', '2021-03-04 09:34:55', 'admin', b'0'),
	(95, '排放阀手动状态', 0, NULL, 0.00, 0.00, NULL, 53, 1, b'1', b'0', '2021-03-04 11:09:55', 'admin', '2021-03-04 09:34:55', 'admin', b'0'),
	(96, '膜池出水压力异常', 0, NULL, 0.00, 0.00, NULL, 61, 7, b'1', b'0', '2021-03-04 11:10:55', 'admin', '2021-03-04 09:34:55', 'admin', b'0'),
	(99, '消毒总氯值', 2, 'mg/L', 6.00, 10.00, NULL, 269, 0, b'1', b'0', '2021-03-04 11:13:55', 'admin', '2021-03-04 09:34:55', 'admin', b'0'),
	(100, '总氮', 2, 'mg/L', 0.00, 1000.00, NULL, 215, 0, b'1', b'1', '2021-03-04 11:14:55', 'admin', '2021-03-04 09:34:55', 'admin', b'0'),
	(101, '总磷', 2, 'mg/L', 0.00, 1000.00, NULL, 243, 0, b'1', b'1', '2021-03-04 11:15:55', 'admin', '2021-03-04 09:34:55', 'admin', b'0');
/*!40000 ALTER TABLE `config_variable` ENABLE KEYS */;

-- 导出  表 styx_monitor.config_version 结构
CREATE TABLE IF NOT EXISTS `config_version` (
  `id` varchar(50) NOT NULL,
  `version` bigint(20) NOT NULL,
  PRIMARY KEY (`id`)
) ENGINE=InnoDB DEFAULT CHARSET=utf8;

-- 正在导出表  styx_monitor.config_version 的数据：~3 rows (大约)
/*!40000 ALTER TABLE `config_version` DISABLE KEYS */;
INSERT INTO `config_version` (`id`, `version`) VALUES
	('config_alarm', 1),
	('config_terminal', 1),
	('config_variable', 1);
/*!40000 ALTER TABLE `config_version` ENABLE KEYS */;

-- 导出  表 styx_monitor.org_menu 结构
CREATE TABLE IF NOT EXISTS `org_menu` (
  `id` varchar(32) NOT NULL COMMENT 'id',
  `name` varchar(50) NOT NULL COMMENT '菜单名称',
  `url` varchar(200) DEFAULT NULL COMMENT 'url',
  `icon` varchar(50) DEFAULT NULL COMMENT '图标',
  `parent_id` varchar(32) DEFAULT NULL COMMENT '父ID',
  `is_admin` bit(1) NOT NULL DEFAULT b'0' COMMENT '是否系统管理员权限',
  `order_no` int(11) NOT NULL DEFAULT '0' COMMENT '列表顺序',
  `grantable` tinyint(4) NOT NULL DEFAULT '1' COMMENT '是否可授予',
  PRIMARY KEY (`id`) USING BTREE
) ENGINE=InnoDB DEFAULT CHARSET=utf8mb4 ROW_FORMAT=DYNAMIC;

-- 正在导出表  styx_monitor.org_menu 的数据：~0 rows (大约)
/*!40000 ALTER TABLE `org_menu` DISABLE KEYS */;
/*!40000 ALTER TABLE `org_menu` ENABLE KEYS */;

-- 导出  表 styx_monitor.org_permission 结构
CREATE TABLE IF NOT EXISTS `org_permission` (
  `id` varchar(32) NOT NULL COMMENT 'id',
  `name` varchar(50) NOT NULL COMMENT '权限名称',
  `code` varchar(200) NOT NULL COMMENT '表现内容',
  `type` tinyint(4) NOT NULL DEFAULT '0' COMMENT '权限类型',
  `description` varchar(500) DEFAULT NULL COMMENT '权限描述',
  `parent_id` varchar(32) DEFAULT NULL COMMENT '父ID',
  `is_admin` bit(1) NOT NULL DEFAULT b'0' COMMENT '是否系统管理员权限',
  `order_no` int(11) NOT NULL DEFAULT '0' COMMENT '列表顺序',
  `grantable` tinyint(4) NOT NULL DEFAULT '1' COMMENT '是否可授予',
  PRIMARY KEY (`id`) USING BTREE,
  UNIQUE KEY `unique_code` (`code`) USING BTREE
) ENGINE=InnoDB DEFAULT CHARSET=utf8mb4 ROW_FORMAT=DYNAMIC;

-- 正在导出表  styx_monitor.org_permission 的数据：~74 rows (大约)
/*!40000 ALTER TABLE `org_permission` DISABLE KEYS */;
INSERT INTO `org_permission` (`id`, `name`, `code`, `type`, `description`, `parent_id`, `is_admin`, `order_no`, `grantable`) VALUES
	('10100000', '系统管理', 'sys', 1, NULL, NULL, b'1', 4, 1),
	('10101000', '角色管理', 'sys:role', 0, NULL, '10100000', b'1', 3, 1),
	('10101001', '角色管理', 'sys:role:index', 1, NULL, '10101000', b'1', 1, 1),
	('10101010', '新增角色', 'sys:role:add', 0, NULL, '10101000', b'1', 2, 1),
	('10101020', '编辑角色', 'sys:role:edit', 0, NULL, '10101000', b'1', 3, 1),
	('10101030', '删除角色', 'sys:role:delete', 0, NULL, '10101000', b'1', 4, 1),
	('10101040', '角色授权', 'sys:role:grant', 0, NULL, '10101000', b'1', 5, 1),
	('10102000', '用户管理', 'sys:user', 0, NULL, '10100000', b'1', 1, 1),
	('10102001', '用户管理', 'sys:user:index', 1, NULL, '10102000', b'1', 1, 1),
	('10102010', '新增用户', 'sys:user:add', 0, NULL, '10102000', b'1', 2, 1),
	('10102020', '编辑用户', 'sys:user:edit', 0, NULL, '10102000', b'1', 3, 1),
	('10102030', '删除用户', 'sys:user:delete', 0, NULL, '10102000', b'1', 1, 1),
	('10102040', '密码重置', 'sys:user:password', 0, NULL, '10102000', b'1', 4, 1),
	('10105000', '节点管理', 'sys:node', 0, NULL, '10100000', b'1', 4, 1),
	('10105001', '节点管理', 'sys:node:index', 1, NULL, '10105000', b'1', 1, 1),
	('10105010', '新增节点', 'sys:node:add', 0, NULL, '10105000', b'1', 2, 1),
	('10105020', '删除节点', 'sys:node:delete', 0, NULL, '10105000', b'1', 4, 1),
	('10105030', '编辑节点', 'sys:node:edit', 0, NULL, '10105000', b'1', 3, 1),
	('10107000', '登录日志', 'sys:log:login', 1, NULL, '10100000', b'1', 6, 1),
	('10108000', '操作日志', 'sys:log:option', 1, NULL, '10100000', b'1', 7, 1),
	('10200000', '在线监测', 'monitor', 1, NULL, NULL, b'0', 1, 1),
	('10201000', '集中监控', 'monitor:main', 0, NULL, '10200000', b'0', 1, 1),
	('10201001', '集中监控', 'monitor:main:index', 1, NULL, '10201000', b'0', 1, 1),
	('10201010', '查看组态', 'monitor:main:module', 0, NULL, '10201000', b'0', 2, 1),
	('10201020', '查看视频', 'monitor:main:video', 0, NULL, '10201000', b'0', 3, 1),
	('10201040', '终端运维', 'monitor:main:maintain', 0, '', '10201000', b'0', 4, 1),
	('10202000', '历史数据', 'monitor:history', 1, NULL, '10200000', b'0', 3, 1),
	('10203000', '站点分析', 'monitor:analysis:station', 1, NULL, '10200000', b'0', 4, 1),
	('10204000', '统计报表', 'monitor:report', 1, NULL, '10200000', b'0', 6, 1),
	('10205000', '报警信息', 'monitor:alarm', 1, NULL, '10200000', b'0', 2, 1),
	('10206000', '数据分析', 'monitor:analysis:screen', 1, NULL, '10200000', b'0', 5, 1),
	('20200000', '参数设置', 'config', 1, NULL, NULL, b'0', 3, 1),
	('20201000', '变量管理', 'config:variable', 0, NULL, '20200000', b'0', 1, 1),
	('20201001', '变量管理', 'config:variable:index', 1, NULL, '20201000', b'0', 1, 1),
	('20201010', '新增变量', 'config:variable:add', 0, NULL, '20201000', b'0', 2, 1),
	('20201020', '删除变量', 'config:variable:delete', 0, NULL, '20201000', b'0', 3, 1),
	('20201030', '编辑变量', 'config:variable:edit', 0, NULL, '20201000', b'0', 4, 1),
	('20201040', '停运变量', 'config:variable:stop', 0, NULL, '20201000', b'0', 5, 1),
	('20202000', '变量模版', 'config:variableTemplate', 0, NULL, '20200000', b'0', 2, 1),
	('20202001', '变量模版', 'config:variableTemplate:index', 1, NULL, '20202000', b'0', 1, 1),
	('20202010', '新增变量模版', 'config:variableTemplate:add', 0, NULL, '20202000', b'0', 2, 1),
	('20202020', '删除变量模版', 'config:variableTemplate:delete', 0, NULL, '20202000', b'0', 4, 1),
	('20202030', '编辑变量模版', 'config:variableTemplate:edit', 0, NULL, '20202000', b'0', 3, 1),
	('20203000', '站点管理', 'config:station', 0, NULL, '20200000', b'0', 3, 1),
	('20203001', '站点管理', 'config:station:index', 1, NULL, '20203000', b'0', 1, 1),
	('20203010', '新增站点', 'config:station:add', 0, NULL, '20203000', b'0', 2, 1),
	('20203020', '编辑站点', 'config:station:edit', 0, NULL, '20203000', b'0', 3, 1),
	('20203030', '新增测试站点', 'config:station:addTest', 0, NULL, '20203000', b'0', 4, 1),
	('20203040', '终端管理', 'config:station:terminal', 0, NULL, '20203000', b'0', 6, 1),
	('20203050', '删除站点', 'config:station:delete', 0, NULL, '20203000', b'0', 5, 1),
	('20203060', '停运站点', 'config:station:stop', 0, NULL, '20203000', b'0', 7, 1),
	('20203070', '重置节点', 'config:station:reset', 0, NULL, '20203000', b'0', 8, 1),
	('20204000', '运维设置', 'config:operation', 0, NULL, '20200000', b'0', 8, 1),
	('20204001', '运维设置', 'config:operation:index', 1, NULL, '20204000', b'0', 1, 1),
	('20204010', '新增运维设置', 'config:operation:add', 0, NULL, '20204000', b'0', 2, 1),
	('20204020', '编辑运维设置', 'config:operation:edit', 0, NULL, '20204000', b'0', 3, 1),
	('20204030', '删除运维设置', 'config:operation:delete', 0, NULL, '20204000', b'0', 4, 1),
	('20205000', '报警设置', 'config:alarm', 0, NULL, '20200000', b'0', 5, 1),
	('20205001', '报警设置', 'config:alarm:index', 1, NULL, '20205000', b'0', 1, 1),
	('20205010', '新增报警设置', 'config:alarm:add', 0, NULL, '20205000', b'0', 2, 1),
	('20205020', '编辑报警设置', 'config:alarm:edit', 0, NULL, '20205000', b'0', 3, 1),
	('20205030', '删除报警设置', 'config:alarm:delete', 0, NULL, '20205000', b'0', 4, 1),
	('20205040', '停运报警设置', 'config:alarm:stop', 0, NULL, '20205000', b'0', 5, 1),
	('20207000', '组态模板', 'config:moduleTemplate', 0, NULL, '20200000', b'0', 7, 1),
	('20207001', '组态模板', 'config:moduleTemplate:index', 1, NULL, '20207000', b'0', 1, 1),
	('20207010', '新增组态模板', 'config:moduleTemplate:add', 0, NULL, '20207000', b'0', 2, 1),
	('20207020', '删除组态模板', 'config:moduleTemplate:delete', 0, NULL, '20207000', b'0', 3, 1),
	('20207030', '编辑组态模板', 'config:moduleTemplate:edit', 0, NULL, '20207000', b'0', 4, 1),
	('20207040', '停用组态模板', 'config:moduleTemplate:stop', 0, NULL, '20207000', b'0', 5, 1),
	('20208000', '终端管理', 'config:terminal', 0, NULL, '20200000', b'0', 4, 1),
	('20208010', '组态管理', 'config:station:configuration', 0, NULL, '20208000', b'0', 1, 1),
	('20208020', '报警设置', 'config:station:alarmSeting', 0, NULL, '20208000', b'0', 2, 1),
	('20208030', '编辑终端', 'config:station:editTerminal', 0, NULL, '20208000', b'0', 3, 1),
	('20208040', '删除终端', 'config:station:deleteTerminal', 0, NULL, '20208000', b'0', 4, 1);
/*!40000 ALTER TABLE `org_permission` ENABLE KEYS */;

-- 导出  表 styx_monitor.org_role 结构
CREATE TABLE IF NOT EXISTS `org_role` (
  `id` varchar(32) NOT NULL COMMENT 'id',
  `role_name` varchar(32) NOT NULL COMMENT '角色名称',
  `role_level` tinyint(4) NOT NULL COMMENT '角色等级（考核权限等级）',
  `role_desc` varchar(500) DEFAULT NULL COMMENT '角色说明',
  `enable` bit(1) NOT NULL DEFAULT b'1' COMMENT '是否启用',
  `create_time` datetime DEFAULT NULL COMMENT '创建时间',
  `create_by` varchar(32) DEFAULT NULL COMMENT '创建人',
  `update_time` datetime DEFAULT NULL COMMENT '更新时间',
  `update_by` varchar(32) DEFAULT NULL COMMENT '更新人',
  PRIMARY KEY (`id`) USING BTREE
) ENGINE=InnoDB DEFAULT CHARSET=utf8mb4 ROW_FORMAT=DYNAMIC;

-- 正在导出表  styx_monitor.org_role 的数据：~3 rows (大约)
/*!40000 ALTER TABLE `org_role` DISABLE KEYS */;
INSERT INTO `org_role` (`id`, `role_name`, `role_level`, `role_desc`, `enable`, `create_time`, `create_by`, `update_time`, `update_by`) VALUES
	('0001', '管理员', 1, '负责管理所有业务和基础数据维护', b'1', '2021-04-08 09:54:41', 'admin', '2021-04-08 09:54:45', 'admin'),
	('0002', '监测人员', 2, '负责监测设备数据', b'1', '2021-04-08 09:57:41', 'admin', '2021-04-08 09:57:44', 'admin'),
	('0003', '运维人员', 2, '负责运维终端人员', b'1', '2021-04-08 10:00:27', 'admin', '2021-04-08 10:00:28', 'admin');
/*!40000 ALTER TABLE `org_role` ENABLE KEYS */;

-- 导出  表 styx_monitor.org_role_menu 结构
CREATE TABLE IF NOT EXISTS `org_role_menu` (
  `role_id` varchar(32) NOT NULL COMMENT '角色ID',
  `menu_id` varchar(32) NOT NULL COMMENT '菜单ID',
  PRIMARY KEY (`role_id`,`menu_id`) USING BTREE
) ENGINE=InnoDB DEFAULT CHARSET=utf8mb4 ROW_FORMAT=DYNAMIC;

-- 正在导出表  styx_monitor.org_role_menu 的数据：~0 rows (大约)
/*!40000 ALTER TABLE `org_role_menu` DISABLE KEYS */;
/*!40000 ALTER TABLE `org_role_menu` ENABLE KEYS */;

-- 导出  表 styx_monitor.org_role_permission 结构
CREATE TABLE IF NOT EXISTS `org_role_permission` (
  `role_id` varchar(32) NOT NULL COMMENT '角色ID',
  `permission_id` varchar(32) NOT NULL COMMENT '菜单ID',
  PRIMARY KEY (`role_id`,`permission_id`) USING BTREE
) ENGINE=InnoDB DEFAULT CHARSET=utf8mb4 ROW_FORMAT=DYNAMIC;

-- 正在导出表  styx_monitor.org_role_permission 的数据：~0 rows (大约)
/*!40000 ALTER TABLE `org_role_permission` DISABLE KEYS */;
/*!40000 ALTER TABLE `org_role_permission` ENABLE KEYS */;

-- 导出  表 styx_monitor.org_user 结构
CREATE TABLE IF NOT EXISTS `org_user` (
  `id` varchar(32) CHARACTER SET utf8mb4 NOT NULL,
  `name` varchar(50) CHARACTER SET utf8mb4 NOT NULL COMMENT '名称',
  `type` tinyint(4) DEFAULT NULL COMMENT '3地区管理员2站点管理员',
  `cellphone` varchar(20) CHARACTER SET utf8mb4 DEFAULT NULL COMMENT '手机号码',
  `station_id` varchar(500) CHARACTER SET utf8mb4 DEFAULT NULL COMMENT '站点',
  `district_code` varchar(500) CHARACTER SET utf8mb4 DEFAULT NULL COMMENT '区域编码',
  `account` varchar(50) CHARACTER SET utf8mb4 NOT NULL COMMENT '账号',
  `role` varchar(500) CHARACTER SET utf8mb4 NOT NULL COMMENT '角色',
  `create_time` datetime NOT NULL,
  `create_by` varchar(32) CHARACTER SET utf8mb4 NOT NULL,
  `update_time` datetime NOT NULL,
  `update_by` varchar(32) CHARACTER SET utf8mb4 NOT NULL,
  `deleted` tinyint(4) NOT NULL DEFAULT '0',
  PRIMARY KEY (`id`)
) ENGINE=InnoDB DEFAULT CHARSET=utf8;

-- 正在导出表  styx_monitor.org_user 的数据：~4 rows (大约)
/*!40000 ALTER TABLE `org_user` DISABLE KEYS */;
INSERT INTO `org_user` (`id`, `name`, `type`, `cellphone`, `station_id`, `district_code`, `account`, `role`, `create_time`, `create_by`, `update_time`, `update_by`, `deleted`) VALUES
	('0001', '靖安', 1, '135848483828', '1', '3205831', 'zhouxuwu', '0001', '2021-04-06 17:21:32', 'admin', '2021-04-13 17:13:46', 'admin', 1),
	('HAyLP1_TdYfdt_AE-lU94w', '王东东', 1, '13584950660', '', '', 'wangdongdong', '0002', '2021-04-12 14:10:46', 'admin', '2021-04-12 14:10:46', 'admin', 0),
	('S9e_C0a3HXTrKprjCm5p8A', '周旭武', 2, '13584956666', '1,2', '', 'zhouxuwu', '0001', '2021-04-12 12:00:51', 'admin', '2021-04-13 16:31:25', 'admin', 0),
	('wYU5C9SEexHG4vuUXdnwdA', '周瑾安', 3, '13584950666', '', '320500,110000', 'zhoujinan', '0001', '2021-04-12 13:52:28', 'admin', '2021-04-13 16:17:35', 'admin', 0);
/*!40000 ALTER TABLE `org_user` ENABLE KEYS */;

-- 导出  表 styx_monitor.sys_attachment 结构
CREATE TABLE IF NOT EXISTS `sys_attachment` (
  `id` varchar(32) NOT NULL,
  `store_type` varchar(20) NOT NULL COMMENT '存储方式',
  `name` varchar(100) NOT NULL,
  `suffix` varchar(10) DEFAULT NULL,
  `size` bigint(20) unsigned NOT NULL,
  `relative_path` varchar(200) NOT NULL,
  `thumbnail_relative_path` varchar(200) DEFAULT NULL COMMENT '缩略图相对地址',
  `create_time` datetime NOT NULL,
  `operate_by` varchar(50) DEFAULT NULL COMMENT '哪个用户创建',
  `deleted` bit(1) NOT NULL DEFAULT b'0',
  `operate_time` datetime DEFAULT NULL,
  PRIMARY KEY (`id`) USING BTREE
) ENGINE=InnoDB DEFAULT CHARSET=utf8mb4;

-- 正在导出表  styx_monitor.sys_attachment 的数据：~0 rows (大约)
/*!40000 ALTER TABLE `sys_attachment` DISABLE KEYS */;
/*!40000 ALTER TABLE `sys_attachment` ENABLE KEYS */;

-- 导出  表 styx_monitor.sys_constant 结构
CREATE TABLE IF NOT EXISTS `sys_constant` (
  `type` varchar(32) NOT NULL COMMENT '分类',
  `code` varchar(11) NOT NULL COMMENT '编码ID',
  `name` varchar(100) DEFAULT NULL COMMENT '名称',
  `order_no` int(11) DEFAULT NULL COMMENT '排序号',
  PRIMARY KEY (`type`,`code`) USING BTREE
) ENGINE=InnoDB DEFAULT CHARSET=utf8mb4 ROW_FORMAT=DYNAMIC;

-- 正在导出表  styx_monitor.sys_constant 的数据：~86 rows (大约)
/*!40000 ALTER TABLE `sys_constant` DISABLE KEYS */;
INSERT INTO `sys_constant` (`type`, `code`, `name`, `order_no`) VALUES
	('agency-level', '1', '一级医院', 1),
	('agency-level', '2', '二级医院', 2),
	('agency-level', '3', '三级医院', 3),
	('boolean-type', '0', '否', 2),
	('boolean-type', '1', '是', 1),
	('identification-type', '1', '身份证', 1),
	('identification-type', '2', '居民户口簿', 2),
	('identification-type', '3', '护照', 3),
	('identification-type', '4', '军官证', 4),
	('identification-type', '5', '驾驶执照', 5),
	('identification-type', '6', '港澳居民来往内地通行证', 6),
	('identification-type', '7', '台湾居民来往内地通行证', 7),
	('identification-type', '8', '其他', 8),
	('nation-type', '1', '汉族', 1),
	('nation-type', '10', '朝鲜族', 10),
	('nation-type', '11', '满族', 11),
	('nation-type', '12', '侗族', 12),
	('nation-type', '13', '瑶族', 13),
	('nation-type', '14', '白族', 14),
	('nation-type', '15', '土家族', 15),
	('nation-type', '16', '哈尼族', 16),
	('nation-type', '17', '哈萨克族', 17),
	('nation-type', '18', '傣族', 18),
	('nation-type', '19', '黎族', 19),
	('nation-type', '2', '蒙古族', 2),
	('nation-type', '20', '僳僳族', 20),
	('nation-type', '21', '佤族', 21),
	('nation-type', '22', '畲族', 22),
	('nation-type', '23', '高山族', 23),
	('nation-type', '24', '拉祜族', 24),
	('nation-type', '25', '水族', 25),
	('nation-type', '26', '东乡族', 26),
	('nation-type', '27', '纳西族', 27),
	('nation-type', '28', '景颇族', 28),
	('nation-type', '29', '柯尔克孜族', 29),
	('nation-type', '3', '回族', 3),
	('nation-type', '30', '土族', 30),
	('nation-type', '31', '达斡尔族', 31),
	('nation-type', '32', '仫佬族', 32),
	('nation-type', '33', '羌族', 33),
	('nation-type', '34', '布朗族', 34),
	('nation-type', '35', '撤拉族', 35),
	('nation-type', '36', '毛南族', 36),
	('nation-type', '37', '仡佬族', 37),
	('nation-type', '38', '锡伯族', 38),
	('nation-type', '39', '阿昌族', 39),
	('nation-type', '4', '藏族', 4),
	('nation-type', '40', '普米族', 40),
	('nation-type', '41', '塔吉克族', 41),
	('nation-type', '42', '怒族', 42),
	('nation-type', '43', '乌孜别克族', 43),
	('nation-type', '44', '俄罗斯族', 44),
	('nation-type', '45', '鄂温克族', 45),
	('nation-type', '46', '崩龙族', 46),
	('nation-type', '47', '保安族', 47),
	('nation-type', '48', '裕固族', 48),
	('nation-type', '49', '京族', 49),
	('nation-type', '5', '维吾尔族', 5),
	('nation-type', '50', '塔塔尔族', 50),
	('nation-type', '51', '独龙族', 51),
	('nation-type', '52', '鄂伦春族', 52),
	('nation-type', '53', '赫哲族', 53),
	('nation-type', '54', '门巴族', 54),
	('nation-type', '55', '珞巴族', 55),
	('nation-type', '56', '基诺族', 56),
	('nation-type', '57', '外籍', 57),
	('nation-type', '58', '不详', 58),
	('nation-type', '6', '苗族', 6),
	('nation-type', '7', '彝族', 7),
	('nation-type', '8', '壮族', 8),
	('nation-type', '9', '布依族', 9),
	('role-level-type', '1', '个人', 1),
	('role-level-type', '2', '机构', 2),
	('role-level-type', '9', '管理员', 3),
	('sex-type', '0', '女', 2),
	('sex-type', '1', '男', 1),
	('terminal-type', '0', 'PLC终端', 1),
	('terminal-type', '1', '普通终端', 2),
	('user-type', '1', '个人用户', 1),
	('user-type', '2', '站点管理员', 2),
	('user-type', '3', '地区管理员', 3),
	('user-type', '9', '应用管理员', 9),
	('variable-type', '0', '开关变量', 1),
	('variable-type', '1', '整型变量', 2),
	('variable-type', '2', '浮点变量', 3),
	('variable-type', '3', '故障变量', 4);
/*!40000 ALTER TABLE `sys_constant` ENABLE KEYS */;

-- 导出  表 styx_monitor.sys_logger_login 结构
CREATE TABLE IF NOT EXISTS `sys_logger_login` (
  `id` bigint(20) NOT NULL AUTO_INCREMENT,
  `ip` varchar(50) NOT NULL,
  `login_type` tinyint(4) NOT NULL COMMENT '登录方式',
  `account` varchar(50) NOT NULL COMMENT '登录账号',
  `user_id` varchar(32) NOT NULL COMMENT '用户ID',
  `user_type` tinyint(4) NOT NULL COMMENT '用户类型',
  `create_time` datetime DEFAULT NULL,
  PRIMARY KEY (`id`) USING BTREE
) ENGINE=InnoDB DEFAULT CHARSET=utf8mb4 ROW_FORMAT=DYNAMIC;

-- 正在导出表  styx_monitor.sys_logger_login 的数据：~0 rows (大约)
/*!40000 ALTER TABLE `sys_logger_login` DISABLE KEYS */;
/*!40000 ALTER TABLE `sys_logger_login` ENABLE KEYS */;

-- 导出  表 styx_monitor.sys_logger_operate 结构
CREATE TABLE IF NOT EXISTS `sys_logger_operate` (
  `id` bigint(20) NOT NULL AUTO_INCREMENT,
  `model_name` varchar(30) NOT NULL COMMENT '模块名称',
  `operate_name` varchar(50) NOT NULL COMMENT '操作名称',
  `class_name` varchar(100) NOT NULL COMMENT '类名称',
  `method_name` varchar(40) NOT NULL COMMENT '方法名称',
  `is_success` bit(1) NOT NULL COMMENT '是否成功',
  `error_message` varchar(255) DEFAULT NULL COMMENT '错误信息',
  `operate_by` varchar(32) NOT NULL COMMENT '操作人',
  `operate_by_name` varchar(50) DEFAULT NULL COMMENT '操作人名称',
  `operate_time` datetime DEFAULT NULL COMMENT '操作时间',
  `operate_duration` int(11) DEFAULT NULL COMMENT '操作时长',
  PRIMARY KEY (`id`) USING BTREE
) ENGINE=InnoDB DEFAULT CHARSET=utf8mb4 ROW_FORMAT=DYNAMIC;

-- 正在导出表  styx_monitor.sys_logger_operate 的数据：~14 rows (大约)
/*!40000 ALTER TABLE `sys_logger_operate` DISABLE KEYS */;
INSERT INTO `sys_logger_operate` (`id`, `model_name`, `operate_name`, `class_name`, `method_name`, `is_success`, `error_message`, `operate_by`, `operate_by_name`, `operate_time`, `operate_duration`) VALUES
	(1, '用户管理', '用户新增', 'com.styx.monitor.web.org.OrgUserController', 'save', b'0', '请求参数验证未通过', 'admin', '系统管理员', '2021-04-12 11:58:00', 0),
	(2, '用户管理', '用户新增', 'com.styx.monitor.web.org.OrgUserController', 'save', b'0', '请求参数验证未通过', 'admin', '系统管理员', '2021-04-12 11:58:21', 0),
	(3, '用户管理', '用户新增', 'com.styx.monitor.web.org.OrgUserController', 'save', b'0', '\r\n### Error updating database.  Cause: java.sql.SQLException: Field \'deleted\' doesn\'t have a default value\r\n### The error may exist in com/styx/monitor/mapper/org/OrgUserMapper.java (best guess)\r\n### The error may involve com.styx.monitor.mapper.org.OrgUs', 'admin', '系统管理员', '2021-04-12 11:59:09', 356),
	(4, '用户管理', '用户新增', 'com.styx.monitor.web.org.OrgUserController', 'save', b'1', NULL, 'admin', '系统管理员', '2021-04-12 12:00:51', 105),
	(5, '用户管理', '用户新增', 'com.styx.monitor.web.org.OrgUserController', 'save', b'1', NULL, 'admin', '系统管理员', '2021-04-12 13:52:28', 89),
	(6, '用户管理', '用户新增', 'com.styx.monitor.web.org.OrgUserController', 'save', b'1', NULL, 'admin', '系统管理员', '2021-04-12 14:10:46', 70),
	(7, '用户管理', '用户更新', 'com.styx.monitor.web.org.OrgUserController', 'update', b'0', '\r\n### Error updating database.  Cause: java.sql.SQLIntegrityConstraintViolationException: Column \'create_by\' cannot be null\r\n### The error may exist in com/styx/monitor/mapper/org/OrgUserMapper.java (best guess)\r\n### The error may involve com.styx.monitor', 'admin', '系统管理员', '2021-04-13 15:08:55', 70970),
	(8, '用户管理', '用户更新', 'com.styx.monitor.web.org.OrgUserController', 'update', b'0', '\r\n### Error updating database.  Cause: java.sql.SQLIntegrityConstraintViolationException: Column \'create_by\' cannot be null\r\n### The error may exist in com/styx/monitor/mapper/org/OrgUserMapper.java (best guess)\r\n### The error may involve com.styx.monitor', 'admin', '系统管理员', '2021-04-13 15:10:34', 56242),
	(9, '用户管理', '用户更新', 'com.styx.monitor.web.org.OrgUserController', 'update', b'0', 'Invalid bound statement (not found): com.styx.monitor.mapper.org.OrgUserMapper.selectWholeById', 'admin', '系统管理员', '2021-04-13 16:13:07', 25632),
	(10, '用户管理', '用户更新', 'com.styx.monitor.web.org.OrgUserController', 'update', b'1', NULL, 'admin', '系统管理员', '2021-04-13 16:17:35', 343),
	(11, '用户管理', '用户更新', 'com.styx.monitor.web.org.OrgUserController', 'update', b'1', NULL, 'admin', '系统管理员', '2021-04-13 16:31:25', 83),
	(12, '用户管理', '用户删除', 'com.styx.monitor.web.org.OrgUserController', 'delete', b'1', NULL, 'admin', '系统管理员', '2021-04-13 17:13:46', 45),
	(13, '用户管理', '用户更新', 'com.styx.monitor.web.org.OrgUserController', 'update', b'0', '请求参数验证未通过', 'admin', '系统管理员', '2021-04-14 14:46:54', 0),
	(14, '用户管理', '用户更新', 'com.styx.monitor.web.org.OrgUserController', 'update', b'0', '请求参数验证未通过', 'admin', '系统管理员', '2021-04-14 14:47:46', 0);
/*!40000 ALTER TABLE `sys_logger_operate` ENABLE KEYS */;

-- 导出  表 styx_monitor.sys_user 结构
CREATE TABLE IF NOT EXISTS `sys_user` (
  `id` varchar(32) NOT NULL COMMENT 'id',
  `account` varchar(30) NOT NULL COMMENT '账号',
  `password` varchar(50) NOT NULL COMMENT '密码',
  `salt` varchar(32) NOT NULL COMMENT '盐',
  `user_id` varchar(32) NOT NULL COMMENT '用户信息表ID',
  `user_type` tinyint(4) NOT NULL DEFAULT '0' COMMENT '用户类型',
  `state` tinyint(4) NOT NULL DEFAULT '1' COMMENT '账号状态',
  `create_time` datetime NOT NULL COMMENT '创建时间',
  `last_login_time` datetime DEFAULT NULL COMMENT '最后登录时间',
  `update_time` datetime DEFAULT NULL COMMENT '更新时间',
  PRIMARY KEY (`id`) USING BTREE,
  UNIQUE KEY `unique_account` (`account`) USING BTREE
) ENGINE=InnoDB DEFAULT CHARSET=utf8mb4 ROW_FORMAT=DYNAMIC;

-- 正在导出表  styx_monitor.sys_user 的数据：~4 rows (大约)
/*!40000 ALTER TABLE `sys_user` DISABLE KEYS */;
INSERT INTO `sys_user` (`id`, `account`, `password`, `salt`, `user_id`, `user_type`, `state`, `create_time`, `last_login_time`, `update_time`) VALUES
	('1381457255108124674', 'zhouxuwu', 'ce808f2bc65cb56d2e4e465d690d446f', 'f37be9a5a3e94c63272b24d7a0c8a467', 'S9e_C0a3HXTrKprjCm5p8A', 3, 1, '2021-04-12 12:00:51', NULL, '2021-04-13 16:14:14'),
	('1381485345075044353', 'zhoujinan', 'b8eda24d5c0972f07a44fd93dc9def9d', 'ef2f9a02e8efc4cd762b2c36d17d10e5', 'wYU5C9SEexHG4vuUXdnwdA', 3, 1, '2021-04-12 13:52:28', NULL, '2021-04-13 16:00:24'),
	('1381489953600118785', 'wangdongdong', 'e48bf3c7b34118d4511ca9210b87d530', 'fb801431091a8203839ef82adaf959d7', 'HAyLP1_TdYfdt_AE-lU94w', 3, 1, '2021-04-12 14:10:46', NULL, NULL),
	('ad313d38fe9447ce863fe8584743a010', 'admin', 'e22c088055a5ada418f9a52be6676535', '3baf18b030ea37785a0a112a9f180c9d', '', 1, 1, '2019-03-22 09:59:44', '2021-03-02 11:04:45', NULL);
/*!40000 ALTER TABLE `sys_user` ENABLE KEYS */;

/*!40101 SET SQL_MODE=IFNULL(@OLD_SQL_MODE, '') */;
/*!40014 SET FOREIGN_KEY_CHECKS=IF(@OLD_FOREIGN_KEY_CHECKS IS NULL, 1, @OLD_FOREIGN_KEY_CHECKS) */;
/*!40101 SET CHARACTER_SET_CLIENT=@OLD_CHARACTER_SET_CLIENT */;
